Latitude,Longitude
35.6961,139.75904
35.69609,139.75893
35.69608,139.75886
35.69608,139.75879
35.69607,139.75873
35.69607,139.75865
35.69607,139.75856
35.69605,139.75848
35.69602,139.75838
35.69601,139.75829
35.696,139.7582
35.696,139.75809
35.696,139.75799
35.696,139.75786
35.69601,139.75774
35.696,139.75758
35.69598,139.75743
35.69598,139.75731
35.69598,139.75716
35.69595,139.75702
35.69593,139.75688
35.69592,139.75674
35.69592,139.75662
35.69593,139.75649
35.69592,139.75638
35.69592,139.75628
35.69592,139.75623
35.69591,139.75615
35.69592,139.7561
35.69612,139.75602
35.6961,139.75599
35.69608,139.75597
35.69605,139.75595
35.69603,139.75595
35.69602,139.75595
35.69601,139.75594
35.696,139.75594
35.69599,139.75594
35.69596,139.75594
35.69595,139.75594
35.69594,139.75596
35.69592,139.75595
35.69592,139.75595
35.69592,139.75595
35.69592,139.75595
35.69592,139.75595
35.69592,139.75595
35.69592,139.75595
35.69592,139.75595
35.69592,139.75595
35.69592,139.75595
35.69592,139.75595
35.69592,139.75595
35.69592,139.75595
35.69592,139.75595
35.69592,139.75595
35.69592,139.75595
35.69592,139.75595
35.69592,139.75595
35.69592,139.75595
35.69592,139.75595
35.69592,139.75595
35.69592,139.75595
35.69592,139.75595
35.69592,139.75595
35.69592,139.75595
35.69592,139.75595
35.69592,139.75595
35.69592,139.75595
35.69592,139.75595
35.69592,139.75595
35.69592,139.75595
35.69592,139.75595
35.69592,139.75595
35.69592,139.75595
35.69592,139.75595
35.69592,139.75595
35.69592,139.75595
35.69592,139.75595
35.69592,139.75595
35.69592,139.75595
35.69592,139.75595
35.69592,139.75595
35.69592,139.75595
35.69592,139.75595
35.69592,139.75595
35.69592,139.75595
35.69592,139.75595
35.69592,139.75595
35.69592,139.75595
35.69592,139.75595
35.69592,139.75595
35.69588,139.75599
35.69589,139.75597
35.69589,139.75593
35.69589,139.75587
35.69589,139.75581
35.69588,139.75575
35.69588,139.75568
35.69587,139.7556
35.69588,139.75551
35.69587,139.75541
35.69587,139.75532
35.69587,139.75523
35.69587,139.75513
35.69585,139.75502
35.69584,139.7549
35.69583,139.75477
35.69582,139.75465
35.69582,139.75451
35.69581,139.75437
35.69582,139.75424
35.6958,139.7541
35.6958,139.75397
35.69578,139.75384
35.69576,139.7537
35.69573,139.75357
35.69571,139.75343
35.69568,139.75328
35.69566,139.75314
35.69566,139.753
35.69564,139.75286
35.69562,139.75274
35.6956,139.75264
35.69556,139.75252
35.69554,139.75242
35.69554,139.75231
35.69554,139.75222
35.69552,139.75212
35.6955,139.75201
35.69548,139.7519
35.69546,139.7518
35.69544,139.75171
35.69542,139.75164
35.69541,139.7516
35.6954,139.75159
35.6954,139.75158
35.69539,139.75153
35.69538,139.75147
35.69537,139.75137
35.69536,139.75126
35.69535,139.75116
35.69535,139.75111
35.69534,139.75108
35.69534,139.75108
35.69533,139.75106
35.69533,139.75101
35.69532,139.75095
35.69531,139.75089
35.69529,139.75083
35.69528,139.75076
35.69525,139.75069
35.69525,139.75061
35.69523,139.75051
35.69522,139.75044
35.69521,139.75037
35.6952,139.75029
35.69519,139.75022
35.69519,139.75014
35.69518,139.75007
35.69518,139.75001
35.69517,139.74994
35.69516,139.74988
35.69516,139.74982
35.69516,139.74976
35.69516,139.74973
35.69516,139.74969
35.69516,139.74966
35.69516,139.74964
35.69516,139.74963
35.69516,139.74961
35.69516,139.7496
35.69516,139.74958
35.69518,139.74957
35.69518,139.74957
35.69518,139.74956
35.69518,139.74956
35.69518,139.74956
35.69518,139.74956
35.69518,139.74956
35.69517,139.74953
35.69517,139.74952
35.69516,139.74945
35.69515,139.74941
35.69514,139.74937
35.69513,139.74933
35.69512,139.74928
35.6951,139.74923
35.69508,139.74917
35.69506,139.74911
35.69504,139.74905
35.69502,139.74899
35.695,139.74892
35.69498,139.74884
35.69494,139.74875
35.69492,139.74867
35.69489,139.74857
35.69486,139.74847
35.69483,139.74838
35.6948,139.74828
35.69477,139.74819
35.69474,139.74809
35.69471,139.74798
35.69467,139.74787
35.69464,139.74776
35.69461,139.74764
35.69458,139.74752
35.69454,139.74741
35.69451,139.7473
35.69448,139.74718
35.69446,139.7471
35.69444,139.74703
35.69442,139.74697
35.6944,139.74693
35.69439,139.74689
35.69439,139.74685
35.69438,139.74683
35.69438,139.74682
35.69438,139.74682
35.69438,139.74681
35.69438,139.7468
35.69438,139.7468
35.69438,139.74679
35.69438,139.74679
35.69438,139.74678
35.69438,139.74678
35.69438,139.74677
35.69439,139.74677
35.69438,139.74677
35.69438,139.74677
35.69438,139.74677
35.69438,139.74677
35.69438,139.74677
35.69438,139.74677
35.69438,139.74677
35.69438,139.74677
35.69438,139.74677
35.69438,139.74677
35.69438,139.74677
35.69438,139.74677
35.69438,139.74677
35.69438,139.74677
35.69438,139.74677
35.69438,139.74677
35.69438,139.74677
35.69438,139.74677
35.69438,139.74677
35.69438,139.74677
35.69438,139.74677
35.69438,139.74677
35.69438,139.74677
35.69438,139.74677
35.69438,139.74677
35.69438,139.74677
35.69438,139.74677
35.69438,139.74677
35.69438,139.74677
35.69438,139.74677
35.69438,139.74677
35.69438,139.74677
35.69438,139.74677
35.69438,139.74677
35.69438,139.74677
35.69438,139.74677
35.69438,139.74677
35.69438,139.74677
35.69438,139.74677
35.69438,139.74677
35.69438,139.74677
35.69438,139.74677
35.69438,139.74677
35.69438,139.74677
35.69438,139.74677
35.69438,139.74677
35.69438,139.74677
35.69438,139.74677
35.69438,139.74677
35.69438,139.74677
35.69438,139.74677
35.69438,139.74677
35.69438,139.74677
35.69438,139.74677
35.69438,139.74677
35.69438,139.74677
35.69438,139.74677
35.69438,139.74677
35.69436,139.74679
35.69436,139.74678
35.69435,139.74676
35.69432,139.7467
35.69431,139.74663
35.69429,139.74656
35.69427,139.74648
35.69425,139.74638
35.69422,139.74627
35.69419,139.74616
35.69415,139.74604
35.69411,139.74592
35.69407,139.74579
35.69403,139.74566
35.69399,139.74553
35.69395,139.74541
35.69391,139.74528
35.69387,139.74515
35.69383,139.74503
35.69379,139.7449
35.69375,139.74478
35.6937,139.74465
35.69364,139.74453
35.69359,139.74441
35.69354,139.74428
35.69349,139.74416
35.69344,139.74404
35.6934,139.74393
35.69336,139.74382
35.69332,139.74372
35.69329,139.74362
35.69326,139.74354
35.69324,139.74345
35.69322,139.74337
35.69319,139.74328
35.69315,139.74318
35.69312,139.74308
35.69308,139.74297
35.69305,139.74287
35.69302,139.74276
35.69298,139.74265
35.69294,139.74254
35.69291,139.74243
35.69287,139.74232
35.69284,139.74221
35.69281,139.74209
35.69278,139.74198
35.69274,139.74187
35.69271,139.74177
35.69267,139.74166
35.69264,139.74155
35.6926,139.74145
35.69256,139.74133
35.69252,139.74122
35.69249,139.7411
35.69246,139.74096
35.69243,139.74084
35.69239,139.74071
35.69235,139.74058
35.6923,139.74044
35.69227,139.74031
35.69224,139.74018
35.69221,139.74007
35.69217,139.73995
35.69214,139.73985
35.69211,139.73974
35.69208,139.73964
35.69205,139.73953
35.69202,139.73942
35.69199,139.73931
35.69196,139.73919
35.69193,139.73908
35.6919,139.73896
35.69186,139.73884
35.69182,139.73873
35.69179,139.73862
35.69175,139.73852
35.69172,139.73842
35.69168,139.73831
35.69165,139.7382
35.69162,139.7381
35.69159,139.73801
35.69157,139.73794
35.69156,139.73789
35.69155,139.73786
35.69154,139.73783
35.69154,139.73782
35.69153,139.73781
35.69153,139.73779
35.69152,139.73778
35.69152,139.73777
35.69152,139.73777
35.69152,139.73776
35.69152,139.73775
35.69152,139.73774
35.69152,139.73774
35.69151,139.73773
35.69151,139.73773
35.69151,139.73773
35.69151,139.73773
35.69151,139.73773
35.69151,139.73773
35.69151,139.73773
35.69151,139.73773
35.69151,139.73773
35.69151,139.73773
35.69151,139.73773
35.69151,139.73773
35.69151,139.73773
35.69151,139.73773
35.69151,139.73773
35.69151,139.73773
35.69151,139.73773
35.69151,139.73773
35.69151,139.73773
35.69151,139.73773
35.69151,139.73773
35.69149,139.73773
35.69148,139.73769
35.69147,139.73764
35.69146,139.73758
35.69144,139.73751
35.69142,139.73744
35.6914,139.73735
35.69137,139.73726
35.69135,139.73717
35.69133,139.73708
35.6913,139.737
35.69128,139.73692
35.69126,139.73684
35.69123,139.73676
35.69121,139.7367
35.69119,139.73663
35.69118,139.73658
35.69116,139.73652
35.69115,139.73648
35.69114,139.73644
35.69113,139.73641
35.69113,139.7364
35.69112,139.73638
35.69112,139.73637
35.69112,139.73637
35.69112,139.73636
35.69112,139.73635
35.69112,139.73635
35.69112,139.73635
35.69112,139.73634
35.69112,139.73633
35.69112,139.73633
35.69112,139.73633
35.69112,139.73633
35.69112,139.73633
35.69112,139.73633
35.69112,139.73633
35.69112,139.73633
35.69112,139.73633
35.69112,139.73633
35.69112,139.73633
35.69112,139.73633
35.69112,139.73633
35.69112,139.73633
35.69112,139.73633
35.69112,139.73633
35.69112,139.73633
35.69112,139.73633
35.69112,139.73633
35.69112,139.73633
35.69112,139.73633
35.69112,139.73633
35.69112,139.73633
35.69112,139.73633
35.69112,139.73633
35.69112,139.73633
35.69112,139.73633
35.69112,139.73633
35.69112,139.73633
35.69112,139.73633
35.69112,139.73633
35.69112,139.73633
35.69112,139.73633
35.69112,139.73633
35.69115,139.73629
35.69115,139.73628
35.69115,139.73627
35.69114,139.73623
35.69113,139.73619
35.69112,139.73615
35.69112,139.7361
35.69111,139.73605
35.69111,139.736
35.69112,139.73594
35.69113,139.7359
35.69116,139.73586
35.69119,139.73582
35.69124,139.73578
35.69129,139.73574
35.69134,139.7357
35.69139,139.73566
35.69145,139.73562
35.69152,139.73557
35.69158,139.73552
35.69165,139.73547
35.69172,139.73542
35.69178,139.73538
35.69184,139.73533
35.6919,139.73528
35.69195,139.73525
35.69199,139.73521
35.69202,139.73519
35.69204,139.73517
35.69205,139.73516
35.69205,139.73516
35.69205,139.73515
35.69205,139.73515
35.69205,139.73514
35.69205,139.73514
35.69205,139.73514
35.69205,139.73514
35.69205,139.73514
35.69205,139.73514
35.69205,139.73514
35.69205,139.73514
35.69205,139.73514
35.69205,139.73514
35.69205,139.73514
35.69205,139.73514
35.69205,139.73514
35.69205,139.73514
35.69205,139.73514
35.69205,139.73514
35.69207,139.73514
35.69208,139.73513
35.69208,139.73512
35.69208,139.73511
35.69208,139.73508
35.69208,139.73507
35.69208,139.73508
35.69208,139.73508
35.69203,139.73498
35.692,139.73493
35.69198,139.73487
35.69195,139.73481
35.69192,139.73474
35.69189,139.73467
35.69185,139.73459
35.69181,139.7345
35.69177,139.73441
35.69172,139.73432
35.69167,139.73422
35.69162,139.73412
35.69156,139.73406
35.6915,139.73399
35.69146,139.73393
35.69142,139.73387
35.69138,139.73381
35.69132,139.73373
35.69125,139.73365
35.69119,139.73357
35.69112,139.73349
35.69106,139.7334
35.69099,139.73332
35.69093,139.73323
35.69086,139.73315
35.6908,139.73307
35.69073,139.73299
35.69066,139.73291
35.69058,139.73283
35.69051,139.73276
35.69044,139.73268
35.69037,139.7326
35.69031,139.73252
35.69025,139.73245
35.6902,139.73237
35.69017,139.73228
35.69014,139.7322
35.69011,139.73212
35.69009,139.73204
35.69007,139.73194
35.69005,139.73185
35.69003,139.73176
35.69001,139.73169
35.68999,139.73162
35.68997,139.73157
35.68996,139.73153
35.68994,139.73149
35.68993,139.73146
35.68991,139.73144
35.6899,139.73143
35.6899,139.73142
35.6899,139.73142
35.68989,139.73141
35.68989,139.73141
35.68989,139.7314
35.68989,139.7314
35.68989,139.7314
35.68989,139.7314
35.68989,139.7314
35.68989,139.7314
35.68989,139.7314
35.68989,139.7314
35.68989,139.7314
35.68989,139.7314
35.6899,139.73138
35.6899,139.73137
35.68989,139.73134
35.68987,139.7313
35.68985,139.73125
35.68983,139.7312
35.68981,139.73113
35.68978,139.73106
35.68976,139.731
35.68972,139.73093
35.68969,139.73087
35.68964,139.73082
35.68958,139.73077
35.68953,139.73072
35.68946,139.73068
35.6894,139.73064
35.68932,139.7306
35.68924,139.73057
35.68916,139.73053
35.68907,139.73049
35.68898,139.73046
35.68889,139.73043
35.6888,139.7304
35.68871,139.73036
35.68861,139.73034
35.68851,139.73032
35.68842,139.73029
35.68833,139.73027
35.68824,139.73024
35.68815,139.73021
35.68806,139.73019
35.68797,139.73016
35.68788,139.73013
35.68779,139.7301
35.6877,139.73007
35.68762,139.73004
35.68753,139.73002
35.68744,139.72998
35.68735,139.72995
35.68726,139.72992
35.68716,139.72988
35.68707,139.72984
35.68698,139.72981
35.6869,139.72977
35.68682,139.72973
35.68673,139.72972
35.68667,139.72971
35.6866,139.72969
35.68654,139.72968
35.68648,139.72967
35.68644,139.72966
35.68642,139.72965
35.68641,139.72965
35.68641,139.72964
35.68641,139.72964
35.68641,139.72964
35.68641,139.72964
35.68641,139.72964
35.6864,139.72965
35.6864,139.72965
35.6864,139.72965
35.6864,139.72965
35.6864,139.72965
35.6864,139.72965
35.6864,139.72965
35.6864,139.72965
35.6864,139.72965
35.6864,139.72965
35.6864,139.72965
35.6864,139.72965
35.6864,139.72965
35.6864,139.72965
35.6864,139.72965
35.6864,139.72965
35.68637,139.72964
35.68633,139.72963
35.68628,139.72962
35.68623,139.7296
35.68617,139.72958
35.68611,139.72956
35.68605,139.72954
35.686,139.72953
35.68595,139.72951
35.68591,139.72947
35.68586,139.72947
35.68584,139.72946
35.68584,139.72931
35.68585,139.72925
35.68586,139.72918
35.68589,139.72911
35.68592,139.72903
35.68595,139.72894
35.68599,139.72884
35.68603,139.72874
35.68606,139.72863
35.68609,139.72854
35.68612,139.72843
35.68616,139.72832
35.6862,139.72821
35.68624,139.7281
35.68627,139.72799
35.68631,139.72788
35.68635,139.72776
35.68639,139.72765
35.68644,139.72753
35.68647,139.7274
35.68651,139.72728
35.68655,139.72716
35.68659,139.72705
35.68664,139.72694
35.68668,139.72682
35.68673,139.7267
35.68678,139.72657
35.68682,139.72645
35.68687,139.72632
35.68692,139.7262
35.68698,139.72607
35.68703,139.72594
35.68708,139.72581
35.68713,139.72568
35.68718,139.72555
35.68723,139.72541
35.68728,139.72528
35.68732,139.72515
35.68736,139.72501
35.6874,139.72487
35.68744,139.72473
35.68748,139.72459
35.68751,139.72445
35.68754,139.72431
35.68757,139.72418
35.6876,139.72404
35.68763,139.72389
35.68767,139.72375
35.6877,139.72361
35.68774,139.72346
35.68778,139.72332
35.68782,139.72317
35.68785,139.72303
35.68788,139.72289
35.68791,139.72275
35.68795,139.72261
35.68798,139.72247
35.688,139.72231
35.68801,139.72216
35.68802,139.72201
35.68802,139.72187
35.68802,139.72172
35.68802,139.72157
35.688,139.72143
35.68798,139.72128
35.68796,139.72113
35.68794,139.72098
35.68793,139.72084
35.68791,139.7207
35.6879,139.72057
35.68789,139.72043
35.68788,139.7203
35.68787,139.72016
35.68786,139.72002
35.68785,139.71989
35.68784,139.71976
35.68783,139.71962
35.68781,139.71948
35.6878,139.71933
35.68778,139.71919
35.68777,139.71906
35.68776,139.71894
35.68775,139.71881
35.68773,139.71869
35.68772,139.71856
35.68771,139.71842
35.6877,139.71827
35.68769,139.71813
35.68768,139.718
35.68767,139.71786
35.68766,139.71775
35.68766,139.71763
35.68766,139.71751
35.68765,139.71739
35.68763,139.71725
35.68761,139.71712
35.6876,139.71698
35.68759,139.71685
35.68758,139.71673
35.68756,139.71663
35.68755,139.71654
35.68752,139.71646
35.68751,139.7164
35.68749,139.71635
35.68749,139.71632
35.68748,139.71629
35.68748,139.71626
35.68747,139.71625
35.68747,139.71623
35.68747,139.71623
35.68747,139.71623
35.68747,139.71623
35.68747,139.71623
35.68746,139.71623
35.68746,139.71623
35.68746,139.71623
35.68746,139.71623
35.68746,139.71623
35.68746,139.71623
35.68746,139.71623
35.68746,139.71623
35.68746,139.71623
35.68746,139.71623
35.68746,139.71623
35.68746,139.71623
35.68746,139.71623
35.68746,139.71623
35.68746,139.71623
35.68746,139.71623
35.68746,139.71623
35.68746,139.71623
35.68746,139.71623
35.68746,139.71623
35.68746,139.71623
35.68746,139.71623
35.68746,139.71623
35.68746,139.71623
35.68746,139.71623
35.68746,139.71623
35.68746,139.71623
35.68746,139.71623
35.68746,139.71623
35.68746,139.71623
35.68746,139.71623
35.68746,139.71623
35.68746,139.71623
35.68746,139.71623
35.68746,139.71623
35.68746,139.71623
35.68746,139.71623
35.68746,139.71623
35.68746,139.71623
35.68746,139.71623
35.68746,139.71623
35.68746,139.71623
35.68746,139.71623
35.68746,139.71623
35.68746,139.71623
35.68746,139.71623
35.68746,139.71623
35.68746,139.71623
35.68746,139.71623
35.68746,139.71623
35.68746,139.71623
35.68746,139.71623
35.68746,139.71623
35.68746,139.71623
35.68746,139.71623
35.68746,139.71623
35.68746,139.71623
35.68746,139.71623
35.68746,139.71623
35.68746,139.71623
35.68746,139.71623
35.68746,139.71623
35.68746,139.71623
35.68746,139.71623
35.68746,139.71623
35.68746,139.71623
35.68746,139.71623
35.68746,139.71623
35.68746,139.71623
35.68746,139.71623
35.68746,139.71623
35.68746,139.71623
35.68746,139.71623
35.68746,139.71623
35.68746,139.71623
35.68746,139.71623
35.68746,139.71623
35.68746,139.71623
35.68746,139.71623
35.68746,139.71623
35.68746,139.71623
35.68746,139.71623
35.68746,139.71623
35.68746,139.71623
35.68746,139.71623
35.68746,139.71623
35.68746,139.71623
35.68746,139.71623
35.68746,139.71623
35.68746,139.71623
35.68744,139.71623
35.68744,139.71621
35.68744,139.71617
35.68743,139.71611
35.68742,139.71605
35.68741,139.71597
35.6874,139.71588
35.68739,139.71579
35.68737,139.71568
35.68734,139.71557
35.68731,139.71545
35.68729,139.71533
35.68727,139.71521
35.68725,139.71508
35.68722,139.71496
35.6872,139.71482
35.68718,139.71467
35.68716,139.71452
35.68715,139.71436
35.68714,139.71419
35.68714,139.71402
35.68714,139.71384
35.68713,139.71366
35.68714,139.71347
35.68715,139.71326
35.68718,139.71307
35.68722,139.71289
35.68741,139.71224
35.68745,139.71206
35.68748,139.71188
35.68752,139.7117
35.68756,139.71152
35.6876,139.71133
35.68764,139.71114
35.68768,139.71097
35.68772,139.71079
35.68776,139.71061
35.6878,139.71042
35.68784,139.71024
35.68788,139.71005
35.68791,139.70987
35.68796,139.70968
35.68801,139.70951
35.68805,139.70933
35.6881,139.70915
35.68816,139.70897
35.68821,139.7088
35.68826,139.70862
35.68832,139.70844
35.68838,139.70827
35.68844,139.70809
35.68949,139.70579
35.68953,139.70567
35.68957,139.7054
35.6896,139.70533
35.68962,139.70529
35.68967,139.70526
35.68965,139.70521
35.68967,139.70519
35.68969,139.70517
35.6897,139.70516
35.68971,139.70516
35.68972,139.70515
35.68972,139.70514
35.68973,139.70514
35.68973,139.70514
35.68973,139.70514
35.68974,139.70514
35.68974,139.70514
35.68974,139.70514
35.68974,139.70514
35.68974,139.70514
35.68974,139.70514
35.68974,139.70514
35.68974,139.70514
35.68974,139.70514
35.68974,139.70514
35.68974,139.70514
35.68974,139.70514
35.68974,139.70514
35.68974,139.70514
35.68974,139.70514
35.68974,139.70514
35.68974,139.70514
35.68974,139.70514
35.68974,139.70514
35.68974,139.70514
35.68974,139.70514
35.68974,139.70514
35.68974,139.70514
35.68974,139.70514
35.68974,139.70514
35.68974,139.70514
35.68974,139.70514
35.68974,139.70514
35.68974,139.70514
35.68974,139.70514
35.68974,139.70514
35.68974,139.70514
35.68973,139.70515
35.68974,139.70515
35.68974,139.70514
35.68974,139.7051
35.68975,139.70506
35.68975,139.70501
35.68976,139.70495
35.68977,139.70489
35.68977,139.70482
35.68977,139.70474
35.68977,139.70465
35.68977,139.70456
35.68976,139.70445
35.68976,139.70434
35.68975,139.70424
35.68974,139.70413
35.68974,139.70402
35.68972,139.7039
35.68971,139.70378
35.6897,139.70366
35.68968,139.70353
35.68967,139.70339
35.68965,139.70326
35.68963,139.70311
35.6896,139.70296
35.68955,139.7028
35.68951,139.70265
35.68948,139.7025
35.68944,139.70236
35.68941,139.70221
35.68938,139.70208
35.68933,139.70194
35.68929,139.70181
35.68926,139.70168
35.68923,139.70156
35.68921,139.70143
35.68919,139.7013
35.68917,139.70117
35.68915,139.70105
35.68913,139.70094
35.68911,139.70086
35.6891,139.70079
35.68909,139.70075
35.68909,139.70071
35.68908,139.70068
35.68908,139.70065
35.68909,139.70065
35.68909,139.70064
35.6891,139.70063
35.6891,139.70063
35.68911,139.70063
35.68909,139.70063
35.68909,139.70063
35.68909,139.70063
35.68909,139.70062
35.68909,139.70061
35.68912,139.70055
35.68911,139.70052
35.6891,139.70049
35.68909,139.70048
35.68908,139.70049
35.68908,139.70049
35.68908,139.70049
35.68908,139.70049
35.68908,139.70049
35.68908,139.70049
35.68908,139.70049
35.68908,139.70049
35.68908,139.70049
35.68908,139.70049
35.68908,139.70049
35.68908,139.70049
35.68908,139.70049
35.68908,139.70049
35.68908,139.70049
35.68908,139.70049
35.68908,139.70049
35.68908,139.70049
35.68908,139.70049
35.68908,139.70049
35.68908,139.70049
35.68908,139.70049
35.68908,139.70049
35.68908,139.70049
35.68908,139.70049
35.68908,139.70049
35.68908,139.70049
35.68908,139.70049
35.68908,139.70049
35.68908,139.70049
35.68908,139.70049
35.68908,139.70049
35.68908,139.70049
35.68908,139.70049
35.68908,139.70049
35.68908,139.70049
35.68908,139.70049
35.68908,139.70049
35.68908,139.70049
35.68908,139.70049
35.68908,139.70049
35.68908,139.70049
35.68908,139.70049
35.68908,139.70049
35.68908,139.70049
35.68908,139.70049
35.68908,139.70049
35.68908,139.70049
35.68908,139.70049
35.68908,139.70049
35.68908,139.70049
35.68908,139.70049
35.68908,139.70049
35.68908,139.70049
35.68908,139.70049
35.68908,139.70049
35.68908,139.70049
35.68908,139.70049
35.68908,139.70049
35.68908,139.70049
35.68908,139.70049
35.68908,139.70049
35.68908,139.70049
35.68901,139.70052
35.689,139.70051
35.68899,139.70047
35.68898,139.70041
35.68897,139.70035
35.68895,139.70027
35.68894,139.70019
35.68892,139.7001
35.6889,139.70001
35.68888,139.69991
35.68886,139.69979
35.68883,139.69969
35.68879,139.69959
35.68876,139.69949
35.68873,139.69939
35.68869,139.69929
35.68865,139.6992
35.6886,139.69913
35.68857,139.69904
35.68854,139.69896
35.68851,139.69888
35.68848,139.6988
35.68845,139.69872
35.68842,139.69865
35.68839,139.69857
35.68836,139.69848
35.68833,139.69839
35.68829,139.69832
35.68826,139.69823
35.68823,139.69815
35.68819,139.69808
35.68816,139.698
35.68812,139.69791
35.68808,139.69783
35.68804,139.69775
35.688,139.69766
35.68795,139.69758
35.68791,139.69746
35.68788,139.69737
35.68783,139.69726
35.6878,139.69716
35.68774,139.69705
35.68769,139.69694
35.68764,139.69684
35.68759,139.69674
35.68757,139.69663
35.68751,139.69654
35.68746,139.69644
35.68742,139.69633
35.68738,139.69622
35.68733,139.69611
35.68728,139.69598
35.68723,139.69586
35.68718,139.69572
35.68712,139.69559
35.68707,139.69545
35.68701,139.69532
35.68694,139.69516
35.6869,139.69502
35.68684,139.69487
35.68678,139.69473
35.68671,139.6946
35.68663,139.69447
35.68655,139.69434
35.68647,139.69422
35.68637,139.69409
35.68629,139.69396
35.68619,139.69383
35.68609,139.69371
35.686,139.69359
35.68591,139.69347
35.68582,139.69336
35.68575,139.69324
35.68567,139.69315
35.68561,139.69307
35.68557,139.69301
35.68553,139.69295
35.6855,139.6929
35.68547,139.69285
35.68544,139.69283
35.68542,139.6928
35.6854,139.69279
35.68539,139.69279
35.68538,139.69279
35.68537,139.6928
35.68537,139.69279
35.68536,139.69279
35.68536,139.69279
35.68536,139.69279
35.68535,139.69278
35.68535,139.69279
35.68535,139.69278
35.68535,139.69278
35.68535,139.69278
35.68535,139.69278
35.68535,139.69278
35.68535,139.69278
35.68535,139.69278
35.68535,139.69278
35.68535,139.69278
35.68535,139.69278
35.68535,139.69278
35.68535,139.69278
35.68535,139.69278
35.68535,139.69278
35.68535,139.69278
35.68535,139.69278
35.68535,139.69278
35.68535,139.69278
35.68535,139.69278
35.68535,139.69278
35.68535,139.69278
35.68535,139.69278
35.68535,139.69278
35.68535,139.69278
35.68535,139.69278
35.68535,139.69278
35.68535,139.69278
35.68535,139.69278
35.68535,139.69278
35.68535,139.69278
35.68535,139.69278
35.68535,139.69278
35.68535,139.69278
35.68535,139.69278
35.68535,139.69278
35.68535,139.69278
35.68535,139.69278
35.68535,139.69278
35.68535,139.69278
35.68535,139.69278
35.68535,139.69278
35.68535,139.69278
35.68535,139.69278
35.68535,139.69278
35.68535,139.69278
35.68535,139.69278
35.68535,139.69278
35.68535,139.69278
35.68535,139.69278
35.68535,139.69278
35.68535,139.69278
35.68533,139.69279
35.68531,139.69277
35.6853,139.69275
35.68528,139.69272
35.68526,139.69269
35.68524,139.69267
35.68522,139.69264
35.68521,139.69262
35.6852,139.69261
35.6852,139.6926
35.6852,139.6926
35.6852,139.6926
35.68518,139.69257
35.68518,139.69257
35.68518,139.69256
35.68518,139.69256
35.68518,139.69256
35.68518,139.69255
35.68519,139.69254
35.68519,139.69254
35.68519,139.69254
35.68519,139.69254
35.68519,139.69254
35.68519,139.69254
35.68519,139.69254
35.68519,139.69254
35.68519,139.69254
35.68519,139.69254
35.68519,139.69254
35.68519,139.69254
35.68519,139.69254
35.68526,139.69247
35.68526,139.69247
35.68525,139.69245
35.68523,139.69242
35.68521,139.6924
35.68519,139.69237
35.68516,139.69234
35.68512,139.6923
35.68509,139.69225
35.68504,139.69219
35.685,139.69214
35.68495,139.69209
35.6849,139.69205
35.68486,139.692
35.68481,139.69195
35.68476,139.69189
35.68471,139.69181
35.68465,139.69174
35.6846,139.69167
35.68454,139.6916
35.68448,139.69152
35.68444,139.69142
35.68438,139.69134
35.68432,139.69127
35.68426,139.69119
35.68421,139.69112
35.68417,139.69104
35.68412,139.69096
35.68408,139.69087
35.68402,139.69078
35.68397,139.6907
35.68392,139.69062
35.68387,139.69053
35.68382,139.69045
35.68378,139.69037
35.68374,139.6903
35.6837,139.69023
35.68367,139.69014
35.68363,139.69006
35.68359,139.68998
35.68356,139.68991
35.68352,139.68984
35.68347,139.68976
35.68342,139.68968
35.68337,139.68961
35.68331,139.68952
35.68325,139.68945
35.68316,139.68936
35.6831,139.68925
35.68305,139.68915
35.68297,139.68904
35.6829,139.68893
35.68283,139.68884
35.68277,139.68875
35.68272,139.68866
35.68267,139.68857
35.68262,139.68849
35.68257,139.6884
35.68253,139.68833
35.68248,139.68825
35.68243,139.68818
35.68238,139.68809
35.68229,139.68795
35.68226,139.68787
35.68221,139.68778
35.68216,139.68768
35.68211,139.6876
35.68207,139.68752
35.68203,139.68745
35.68198,139.68738
35.68194,139.6873
35.68195,139.68722
35.68187,139.68704
35.6818,139.68691
35.68174,139.68679
35.68168,139.68666
35.68162,139.68656
35.68154,139.68646
35.68138,139.6863
35.68132,139.68628
35.68125,139.6862
35.68111,139.68602
35.68101,139.68585
35.68089,139.68567
35.68084,139.68555
35.68077,139.68544
35.68063,139.68528
35.68047,139.68511
35.68035,139.68496
35.68026,139.68482
35.68017,139.68468
35.6801,139.68455
35.68002,139.68442
35.67995,139.6843
35.67988,139.68418
35.6798,139.68406
35.67973,139.68394
35.67967,139.68381
35.67961,139.68369
35.67956,139.68358
35.67952,139.68345
35.67948,139.68332
35.67943,139.6832
35.67938,139.68308
35.67932,139.68296
35.67928,139.68286
35.67924,139.68276
35.6792,139.68265
35.67915,139.68255
35.6791,139.68245
35.67906,139.68236
35.67903,139.68229
35.679,139.68223
35.67898,139.68218
35.67896,139.68213
35.67894,139.68209
35.67892,139.68206
35.67891,139.68203
35.67889,139.682
35.67888,139.68197
35.67887,139.68194
35.67886,139.68192
35.67884,139.6819
35.67882,139.68189
35.67881,139.68187
35.67881,139.68186
35.6788,139.68187
35.67879,139.68186
35.67879,139.68185
35.67879,139.68185
35.67879,139.68185
35.67879,139.68185
35.67879,139.68185
35.67879,139.68185
35.67879,139.68185
35.67879,139.68185
35.67879,139.68185
35.67879,139.68185
35.67879,139.68185
35.67879,139.68185
35.67879,139.68185
35.67879,139.68185
35.67879,139.68185
35.67879,139.68185
35.67879,139.68185
35.67879,139.68185
35.67879,139.68185
35.67879,139.68185
35.67879,139.68185
35.67879,139.68185
35.67879,139.68185
35.67879,139.68185
35.67879,139.68185
35.67879,139.68185
35.67879,139.68185
35.67879,139.68185
35.67879,139.68185
35.67879,139.68185
35.67879,139.68185
35.67879,139.68185
35.67879,139.68185
35.67879,139.68185
35.67879,139.68185
35.67879,139.68185
35.67879,139.68185
35.67879,139.68185
35.67879,139.68185
35.67879,139.68185
35.67879,139.68185
35.67879,139.68185
35.67875,139.68179
35.67875,139.68179
35.67875,139.68179
35.67874,139.68177
35.67873,139.68176
35.6787,139.68169
35.67868,139.68164
35.67866,139.68158
35.67864,139.68153
35.67861,139.68146
35.67857,139.6814
35.67854,139.68133
35.67849,139.68125
35.67845,139.68117
35.6784,139.68107
35.67835,139.68097
35.6783,139.68086
35.67824,139.68076
35.67819,139.68065
35.67815,139.68054
35.6781,139.68043
35.67806,139.6803
35.67802,139.68018
35.67799,139.68005
35.67795,139.67991
35.67791,139.67978
35.67787,139.67965
35.67783,139.67952
35.67779,139.67941
35.67773,139.67929
35.67768,139.67916
35.67765,139.67904
35.67762,139.67893
35.67759,139.67881
35.67756,139.67868
35.67755,139.67856
35.67753,139.67848
35.67751,139.67839
35.67749,139.67831
35.67748,139.67822
35.67744,139.67816
35.67741,139.67809
35.67739,139.67805
35.67736,139.67802
35.67735,139.67799
35.67734,139.67794
35.67734,139.67791
35.67734,139.6779
35.67737,139.67786
35.67736,139.67782
35.67734,139.6778
35.67735,139.67778
35.67735,139.67776
35.67736,139.67775
35.67736,139.67775
35.67736,139.67774
35.67735,139.67774
35.67735,139.67773
35.67735,139.67773
35.67735,139.67771
35.67735,139.67771
35.67735,139.67771
35.67735,139.67771
35.67734,139.6777
35.67734,139.6777
35.67734,139.6777
35.67734,139.6777
35.67734,139.6777
35.67734,139.6777
35.67734,139.6777
35.67734,139.6777
35.67734,139.6777
35.67734,139.6777
35.67734,139.6777
35.67734,139.6777
35.67734,139.6777
35.67734,139.6777
35.67734,139.6777
35.67734,139.6777
35.67734,139.6777
35.67734,139.6777
35.67734,139.6777
35.67734,139.6777
35.67734,139.6777
35.67734,139.6777
35.67734,139.6777
35.67734,139.6777
35.67734,139.6777
35.67733,139.67767
35.67732,139.67765
35.67731,139.67762
35.67729,139.67759
35.67728,139.67755
35.67727,139.67751
35.67725,139.67747
35.67723,139.67741
35.67721,139.67734
35.67719,139.67728
35.67716,139.6772
35.67714,139.67711
35.67711,139.67702
35.67708,139.67693
35.67706,139.67685
35.67703,139.67677
35.67701,139.67667
35.67698,139.67657
35.67696,139.67647
35.67693,139.67637
35.6769,139.67626
35.67687,139.67615
35.67683,139.67604
35.6768,139.67593
35.67677,139.67582
35.67673,139.67571
35.6767,139.67559
35.67666,139.67548
35.67662,139.67536
35.67659,139.67524
35.67656,139.6751
35.67653,139.67497
35.67649,139.67484
35.67644,139.67472
35.6764,139.67458
35.67636,139.67445
35.67632,139.67432
35.67628,139.67419
35.67624,139.67405
35.67619,139.67391
35.67616,139.67377
35.67612,139.67363
35.67608,139.67349
35.67604,139.67335
35.676,139.6732
35.67593,139.67307
35.67588,139.67293
35.67583,139.67278
35.67578,139.67262
35.67573,139.67247
35.67569,139.67232
35.67564,139.67217
35.67559,139.67203
35.67554,139.67189
35.67553,139.67174
35.67549,139.67161
35.67541,139.67149
35.67537,139.67136
35.67533,139.67124
35.67529,139.67111
35.67525,139.67098
35.67521,139.67085
35.67518,139.67073
35.67514,139.6706
35.67509,139.67048
35.67506,139.67034
35.67503,139.6702
35.67498,139.67004
35.67495,139.66988
35.67492,139.66972
35.67488,139.66957
35.67484,139.66942
35.67478,139.66928
35.67474,139.66914
35.6747,139.66899
35.67466,139.66886
35.67462,139.66872
35.67458,139.66859
35.67455,139.66846
35.67451,139.66833
35.67448,139.6682
35.67445,139.66809
35.67441,139.66797
35.67438,139.66786
35.67435,139.66776
35.67432,139.66765
35.6743,139.66753
35.67426,139.66741
35.67423,139.66729
35.67419,139.66716
35.67416,139.66704
35.67413,139.66691
35.67411,139.66679
35.67407,139.66668
35.67404,139.66658
35.67401,139.66647
35.67397,139.66635
35.67395,139.66625
35.67393,139.66614
35.67391,139.66604
35.67389,139.66594
35.67386,139.66585
35.67383,139.66575
35.67379,139.66565
35.67377,139.66555
35.67374,139.66546
35.67373,139.66538
35.67371,139.66532
35.6737,139.66527
35.67369,139.66523
35.67368,139.66523
35.67367,139.66518
35.67365,139.66516
35.67365,139.66516
35.67363,139.66515
35.67362,139.66515
35.67362,139.66515
35.67361,139.66515
35.67361,139.66515
35.67361,139.66515
35.67361,139.66515
35.67361,139.66515
35.67361,139.66515
35.67361,139.66515
35.67361,139.66515
35.67361,139.66515
35.67361,139.66515
35.67361,139.66515
35.67361,139.66515
35.67361,139.66515
35.67361,139.66515
35.67361,139.66515
35.67361,139.66515
35.67361,139.66515
35.67361,139.66515
35.67361,139.66515
35.67361,139.66515
35.67361,139.66515
35.67361,139.66515
35.67361,139.66515
35.67361,139.66515
35.67361,139.66515
35.67361,139.66515
35.67361,139.66515
35.67361,139.66515
35.67361,139.66515
35.67361,139.66515
35.67361,139.66515
35.67361,139.66515
35.67361,139.66515
35.67361,139.66515
35.67361,139.66515
35.67361,139.66515
35.67361,139.66515
35.67361,139.66515
35.67361,139.66515
35.67361,139.66515
35.67361,139.66515
35.67361,139.66515
35.67361,139.66515
35.67357,139.66518
35.67357,139.66517
35.67356,139.66513
35.67355,139.66508
35.67353,139.66503
35.67352,139.66496
35.67349,139.66489
35.67348,139.66481
35.67346,139.66471
35.67345,139.66461
35.67343,139.66451
35.67341,139.6644
35.67338,139.66428
35.67335,139.66416
35.67332,139.66404
35.67329,139.6639
35.67326,139.66376
35.67323,139.66363
35.67319,139.66349
35.67314,139.66336
35.6731,139.66323
35.67306,139.66308
35.67301,139.66294
35.67297,139.66279
35.67293,139.66265
35.6729,139.66248
35.67286,139.66233
35.67281,139.66218
35.67278,139.66202
35.67273,139.66186
35.67269,139.66172
35.67264,139.66156
35.67261,139.6614
35.67259,139.66123
35.67256,139.66107
35.67252,139.66091
35.6725,139.66076
35.67247,139.66061
35.67244,139.66045
35.67241,139.6603
35.67237,139.66013
35.67234,139.65996
35.6723,139.6598
35.67227,139.65963
35.67223,139.65947
35.67218,139.65931
35.67215,139.65913
35.67212,139.65897
35.67208,139.65881
35.67204,139.65866
35.67199,139.65851
35.67194,139.65837
35.67188,139.65823
35.67183,139.65808
35.67177,139.65793
35.67173,139.65778
35.67169,139.65763
35.67164,139.65749
35.67159,139.65734
35.67153,139.65719
35.67148,139.65705
35.67143,139.65689
35.67136,139.65674
35.6713,139.65657
35.67124,139.65641
35.67119,139.65626
35.67113,139.65611
35.67107,139.65595
35.67102,139.6558
35.67097,139.65563
35.67092,139.65546
35.67088,139.6553
35.67084,139.65513
35.67082,139.65496
35.6708,139.65479
35.67077,139.65463
35.67076,139.65446
35.67075,139.65429
35.67071,139.65414
35.67068,139.65394
35.67065,139.65375
35.67064,139.65359
35.67062,139.65344
35.67058,139.65329
35.67056,139.65314
35.67053,139.65298
35.67051,139.65283
35.67048,139.65267
35.67046,139.6525
35.67045,139.65234
35.67043,139.65218
35.67041,139.65201
35.67039,139.65185
35.67037,139.65168
35.67032,139.65153
35.67029,139.65135
35.67026,139.65118
35.67023,139.65101
35.6702,139.65085
35.67017,139.65068
35.67013,139.65052
35.67009,139.65035
35.67005,139.6502
35.67,139.65005
35.66995,139.6499
35.6699,139.64974
35.66985,139.64959
35.66978,139.64945
35.66972,139.64933
35.66967,139.64919
35.66961,139.64906
35.66955,139.64891
35.66948,139.64878
35.66941,139.64864
35.66937,139.6485
35.66932,139.64835
35.66928,139.64821
35.66924,139.64807
35.6692,139.64792
35.66916,139.64779
35.66907,139.64773
35.66901,139.64765
35.66896,139.64749
35.66893,139.64735
35.66891,139.64721
35.66888,139.64706
35.6688,139.6469
35.66869,139.6468
35.66854,139.6467
35.66845,139.64657
35.66838,139.64642
35.66831,139.64627
35.66826,139.64615
35.66818,139.646
35.66812,139.64585
35.66806,139.64571
35.66802,139.64556
35.66798,139.64542
35.66795,139.64527
35.66793,139.64514
35.66791,139.645
35.66789,139.64487
35.66787,139.64474
35.66787,139.64462
35.66785,139.64452
35.66782,139.64443
35.66779,139.64433
35.66777,139.64423
35.66774,139.64415
35.66772,139.64406
35.6677,139.64397
35.6677,139.64392
35.66771,139.64387
35.66772,139.64382
35.66772,139.64377
35.66771,139.64371
35.66771,139.64364
35.6677,139.64357
35.66769,139.64349
35.66767,139.64339
35.66765,139.64329
35.66764,139.64318
35.66763,139.64307
35.66762,139.64296
35.66758,139.64286
35.66757,139.64276
35.66755,139.64266
35.66753,139.64256
35.66752,139.64247
35.6675,139.64236
35.66748,139.64226
35.66746,139.64213
35.66744,139.64201
35.66743,139.6419
35.66741,139.64178
35.6674,139.64166
35.66739,139.64155
35.66739,139.64142
35.66738,139.64129
35.66737,139.64116
35.66737,139.64103
35.66738,139.64089
35.66738,139.64074
35.66739,139.6406
35.66738,139.64045
35.66737,139.6403
35.66736,139.64015
35.66736,139.63999
35.66736,139.63983
35.66737,139.63969
35.66737,139.63954
35.66736,139.63937
35.66734,139.63921
35.66735,139.63905
35.66736,139.63889
35.66736,139.63874
35.66737,139.63859
35.66739,139.63844
35.66742,139.63828
35.66745,139.63813
35.6675,139.63797
35.66754,139.63781
35.66758,139.63765
35.66762,139.6375
35.66767,139.63736
35.66772,139.63723
35.66777,139.6371
35.66782,139.63695
35.66787,139.6368
35.66793,139.63665
35.66799,139.6365
35.66805,139.63635
35.6681,139.6362
35.66813,139.63604
35.66818,139.63589
35.66823,139.63575
35.66827,139.63558
35.66832,139.63543
35.66837,139.63528
35.66844,139.63514
35.66849,139.63499
35.66854,139.63484
35.66858,139.63469
35.66863,139.63454
35.66868,139.6344
35.66873,139.63425
35.66876,139.6341
35.66879,139.63396
35.66883,139.63381
35.66887,139.63366
35.66892,139.63351
35.66896,139.63337
35.66901,139.63324
35.66906,139.6331
35.6691,139.63296
35.66915,139.63283
35.66919,139.6327
35.66922,139.63256
35.66925,139.63242
35.66928,139.63227
35.6693,139.63213
35.66932,139.63198
35.66934,139.63183
35.66937,139.63168
35.66939,139.63153
35.66941,139.63139
35.66943,139.63123
35.66946,139.63109
35.66949,139.63094
35.66951,139.6308
35.66954,139.63065
35.66957,139.63051
35.66958,139.63036
35.66959,139.6302
35.66961,139.63005
35.66962,139.62989
35.66963,139.62974
35.66963,139.62958
35.66966,139.62944
35.66968,139.62928
35.6697,139.62913
35.6697,139.62897
35.66972,139.62882
35.66974,139.62868
35.66974,139.62852
35.66974,139.62837
35.66978,139.62821
35.66981,139.62805
35.66984,139.62789
35.66987,139.62774
35.6699,139.62758
35.66993,139.62739
35.66995,139.62721
35.66998,139.62704
35.67002,139.62687
35.67006,139.62668
35.6701,139.62651
35.67013,139.62633
35.67015,139.62616
35.67018,139.626
35.6702,139.62584
35.67022,139.62567
35.67025,139.62551
35.67029,139.62535
35.67033,139.62519
35.67036,139.62503
35.67041,139.62491
35.67047,139.62476
35.67054,139.62462
35.6706,139.62447
35.67069,139.62433
35.67079,139.62419
35.67089,139.62405
35.67099,139.62391
35.6711,139.62378
35.67121,139.62364
35.67131,139.62352
35.67141,139.62339
35.6715,139.62326
35.6716,139.62313
35.6717,139.62301
35.6718,139.62289
35.6719,139.62277
35.67199,139.62267
35.67209,139.62255
35.67218,139.62245
35.67228,139.62234
35.67238,139.62223
35.67248,139.62212
35.67258,139.62202
35.67268,139.62192
35.67278,139.62182
35.67288,139.62171
35.67298,139.62161
35.67308,139.62151
35.67318,139.62141
35.67327,139.62132
35.67337,139.62122
35.67345,139.62112
35.67355,139.62102
35.67364,139.62092
35.67373,139.62083
35.67382,139.62074
35.67391,139.62064
35.674,139.62054
35.67409,139.62045
35.67417,139.62033
35.67425,139.62023
35.67433,139.62013
35.67439,139.62002
35.67447,139.61992
35.67454,139.61981
35.67462,139.61971
35.6747,139.61961
35.67477,139.61952
35.67484,139.61941
35.67492,139.61931
35.67499,139.61921
35.67506,139.6191
35.67511,139.61899
35.67518,139.61888
35.67524,139.61875
35.67531,139.61864
35.67537,139.61852
35.67543,139.61839
35.6755,139.61828
35.67556,139.61816
35.6756,139.61804
35.67565,139.61792
35.67571,139.6178
35.67576,139.6177
35.67581,139.6176
35.67587,139.61751
35.67593,139.61742
35.67597,139.61732
35.67602,139.61724
35.67606,139.61714
35.67609,139.61704
35.67612,139.61698
35.67617,139.61688
35.67621,139.61679
35.67626,139.61669
35.6763,139.6166
35.67634,139.61651
35.67637,139.61641
35.67643,139.61633
35.67647,139.61623
35.6765,139.61615
35.67654,139.61605
35.67658,139.61594
35.67661,139.61584
35.67665,139.61574
35.67667,139.61564
35.67671,139.61553
35.67674,139.61542
35.67677,139.61531
35.67681,139.6152
35.67685,139.6151
35.67688,139.615
35.6769,139.6149
35.67693,139.61482
35.67694,139.61475
35.67696,139.61469
35.67697,139.61464
35.67697,139.61461
35.67698,139.61459
35.67698,139.61457
35.67698,139.61455
35.67699,139.61455
35.67699,139.61454
35.67699,139.61453
35.677,139.61453
35.677,139.61452
35.677,139.61451
35.67701,139.61451
35.67701,139.61451
35.67701,139.61451
35.677,139.6145
35.67699,139.6145
35.67699,139.6145
35.67699,139.6145
35.67699,139.6145
35.67699,139.6145
35.67699,139.6145
35.67699,139.6145
35.67699,139.6145
35.67699,139.6145
35.67699,139.61446
35.67699,139.61443
35.67697,139.61439
35.67695,139.61437
35.67692,139.61433
35.67688,139.61432
35.67683,139.6143
35.67675,139.61428
35.67667,139.61426
35.67656,139.61424
35.67647,139.61421
35.67637,139.61419
35.67627,139.61417
35.67616,139.61414
35.67605,139.61412
35.67594,139.61409
35.67582,139.61406
35.6757,139.61403
35.67558,139.614
35.67546,139.61397
35.67534,139.61394
35.67523,139.61392
35.67511,139.61389
35.67499,139.61387
35.67488,139.61384
35.67476,139.61382
35.67465,139.61379
35.67454,139.61377
35.67442,139.61375
35.67432,139.61373
35.67421,139.61372
35.67411,139.6137
35.67401,139.61368
35.67391,139.61368
35.67382,139.61367
35.67372,139.61366
35.67363,139.61365
35.67355,139.61365
35.67347,139.61364
35.67339,139.61362
35.67332,139.61361
35.67325,139.6136
35.67319,139.61359
35.67313,139.61359
35.67307,139.61358
35.67301,139.61358
35.67295,139.61358
35.6729,139.61357
35.67286,139.61357
35.67281,139.61357
35.67278,139.61356
35.67278,139.61356
35.67273,139.61356
35.67273,139.61357
35.67267,139.61356
35.67264,139.61356
35.67262,139.61356
35.67261,139.61356
35.6726,139.61356
35.67259,139.61356
35.67258,139.61356
35.67257,139.61357
35.67257,139.61357
35.67256,139.61357
35.67256,139.61357
35.67256,139.61357
35.67255,139.61357
35.67253,139.61358
35.67251,139.61359
35.6725,139.61359
35.67249,139.61359
35.67249,139.61359
35.67249,139.61359
35.67249,139.61359
35.67249,139.61359
35.67249,139.61359
35.67249,139.61359
35.67249,139.61359
35.67249,139.61359
35.67249,139.61359
35.67249,139.61359
35.67249,139.61359
35.67249,139.61359
35.67249,139.61359
35.67249,139.61359
35.67249,139.61359
35.67249,139.61359
35.67249,139.61359
35.67249,139.61359
35.67249,139.61359
35.67249,139.61359
35.67249,139.61359
35.67249,139.61359
35.67249,139.61359
35.67249,139.61359
35.67249,139.61359
35.67249,139.61359
35.67249,139.61359
35.67249,139.61359
35.67249,139.61359
35.67249,139.61359
35.67249,139.61359
35.67249,139.61359
35.67249,139.61359
35.67249,139.61359
35.67249,139.61359
35.67249,139.61359
35.67249,139.61359
35.67249,139.61359
35.67249,139.61359
35.67249,139.61359
35.67249,139.61359
35.67249,139.61359
35.67249,139.61359
35.67249,139.61359
35.67249,139.61359
35.67249,139.61359
35.67249,139.61359
35.67249,139.61359
35.67249,139.61359
35.67249,139.61359
35.67249,139.61359
35.67249,139.61359
35.67249,139.61359
35.67249,139.61359
35.67249,139.61359
35.67249,139.61359
35.67249,139.61359
35.67249,139.61359
35.67249,139.61359
35.67249,139.61359
35.67249,139.61359
35.67249,139.61359
35.67249,139.61359
35.67249,139.61359
35.67249,139.61359
35.67249,139.61359
35.67249,139.61359
35.67249,139.61359
35.67249,139.61359
35.67249,139.61359
35.67249,139.61359
35.67249,139.61359
35.67249,139.61359
35.67249,139.61359
35.67249,139.61359
35.67249,139.61359
35.67249,139.61359
35.67249,139.61359
35.67249,139.61359
35.67249,139.61361
35.67248,139.61361
35.67247,139.61361
35.67244,139.61361
35.67241,139.61361
35.67239,139.61361
35.67238,139.61361
35.67237,139.61361
35.67235,139.61361
35.67235,139.61361
35.67233,139.61361
35.67231,139.61361
35.67229,139.61362
35.67228,139.61363
35.67227,139.61363
35.67227,139.61363
35.67227,139.61363
35.67227,139.61363
35.67227,139.61363
35.67227,139.61363
35.67227,139.61363
35.67227,139.61363
35.67227,139.61363
35.67227,139.61363
35.67227,139.61363
35.67227,139.61363
35.67227,139.61363
35.67227,139.61363
35.67226,139.61363
35.67223,139.61363
35.67223,139.61363
35.6722,139.61363
35.67215,139.61363
35.67212,139.61364
35.6721,139.61364
35.67207,139.61363
35.67205,139.61361
35.67204,139.61358
35.67203,139.61351
35.67202,139.61343
35.67201,139.61334
35.67202,139.61324
35.67203,139.61313
35.67205,139.61302
35.67205,139.61291
35.67207,139.61279
35.67208,139.61267
35.6721,139.61255
35.67211,139.61245
35.67213,139.61234
35.67215,139.61223
35.67217,139.61213
35.67219,139.61203
35.67221,139.61194
35.67223,139.61186
35.67224,139.61178
35.67226,139.6117
35.67227,139.61162
35.67229,139.61154
35.6723,139.61145
35.67232,139.61135
35.67233,139.61125
35.67235,139.61115
35.67237,139.61105
35.6724,139.61094
35.67241,139.61083
35.67244,139.61072
35.67246,139.61061
35.67248,139.61049
35.67251,139.61037
35.67253,139.61026
35.67256,139.61013
35.67258,139.61001
35.67261,139.60989
35.67263,139.60976
35.67266,139.60963
35.67268,139.60948
35.67271,139.60935
35.67273,139.60922
35.67276,139.60909
35.67278,139.60897
35.67281,139.60884
35.67283,139.60871
35.67286,139.60858
35.67289,139.60845
35.67292,139.60832
35.67295,139.60819
35.67298,139.60805
35.67301,139.60791
35.67303,139.60776
35.67306,139.60762
35.67308,139.60747
35.6731,139.60733
35.67313,139.60718
35.67313,139.60703
35.67315,139.60687
35.67317,139.60671
35.67318,139.60656
35.67318,139.6064
35.67318,139.60624
35.67317,139.60608
35.67316,139.60591
35.67314,139.60575
35.67313,139.60559
35.67311,139.60544
35.67309,139.6053
35.67307,139.60519
35.67306,139.60507
35.67304,139.60495
35.67302,139.60483
35.673,139.60471
35.67298,139.6046
35.67296,139.60448
35.67295,139.60438
35.67293,139.60427
35.67291,139.60417
35.6729,139.60408
35.67288,139.60401
35.67286,139.60395
35.67285,139.6039
35.67285,139.60386
35.67284,139.60384
35.67283,139.60381
35.67282,139.60378
35.67282,139.60375
35.67281,139.60373
35.67281,139.60373
35.67281,139.60371
35.6728,139.60371
35.6728,139.60371
35.6728,139.60371
35.6728,139.60371
35.6728,139.60371
35.6728,139.60371
35.6728,139.60371
35.6728,139.60371
35.6728,139.60371
35.6728,139.60371
35.6728,139.60371
35.6728,139.60371
35.6728,139.60371
35.67281,139.6037
35.67281,139.6037
35.6728,139.60368
35.6728,139.60367
35.67279,139.60362
35.67279,139.60357
35.67278,139.6035
35.67276,139.60342
35.67275,139.60334
35.67274,139.60326
35.67272,139.60318
35.67271,139.60309
35.6727,139.603
35.67268,139.6029
35.67267,139.6028
35.67265,139.60271
35.67264,139.60262
35.67263,139.60252
35.67261,139.60241
35.6726,139.60231
35.67258,139.60221
35.67256,139.60211
35.67255,139.60201
35.67253,139.60191
35.67252,139.60181
35.67249,139.60171
35.67248,139.60161
35.67247,139.60151
35.67246,139.6014
35.67244,139.6013
35.67242,139.60122
35.67242,139.60117
35.67242,139.60114
35.67242,139.60112
35.67241,139.6011
35.6724,139.60109
35.6724,139.60107
35.6724,139.60106
35.67238,139.60102
35.67238,139.60097
35.67236,139.60092
35.67236,139.60087
35.67235,139.60082
35.67234,139.60075
35.67233,139.60066
35.67231,139.60057
35.6723,139.60047
35.67228,139.60035
35.67225,139.60023
35.67223,139.60012
35.67221,139.60001
35.67219,139.59991
35.67217,139.59982
35.67214,139.59972
35.67211,139.59963
35.67209,139.59954
35.67206,139.59946
35.67203,139.59938
35.67201,139.59932
35.67198,139.59926
35.67197,139.5992
35.67195,139.59915
35.67193,139.59911
35.67191,139.59907
35.6719,139.59903
35.67189,139.599
35.67187,139.59897
35.67186,139.59895
35.67185,139.59893
35.67184,139.59891
35.67184,139.5989
35.67184,139.59889
35.67184,139.59889
35.67184,139.59888
35.67184,139.59887
35.67183,139.59887
35.67183,139.59886
35.67182,139.59886
35.67182,139.59886
35.67183,139.59885
35.67182,139.59885
35.67182,139.59884
35.67182,139.59884
35.67182,139.59883
35.67182,139.59883
35.67182,139.59883
35.67182,139.59882
35.67182,139.59882
35.67182,139.59882
35.67182,139.59882
35.67182,139.59882
35.67182,139.59882
35.67182,139.59882
35.67182,139.59882
35.67182,139.59882
35.67182,139.59882
35.67182,139.5988
35.67182,139.5988
35.67182,139.5988
35.67182,139.5988
35.6718,139.5988
35.6718,139.59879
35.67179,139.59876
35.67177,139.59874
35.67176,139.59871
35.67173,139.59866
35.6717,139.59861
35.67167,139.59855
35.67164,139.59849
35.67161,139.59842
35.67156,139.59836
35.67151,139.59829
35.67146,139.59821
35.67141,139.59813
35.67136,139.59805
35.67131,139.59798
35.67126,139.59789
35.6712,139.5978
35.67114,139.59771
35.67108,139.59762
35.67103,139.59753
35.67097,139.59743
35.67091,139.59734
35.67085,139.59724
35.6708,139.59713
35.67074,139.59702
35.67067,139.59692
35.67061,139.59682
35.67055,139.59671
35.67049,139.5966
35.67043,139.59649
35.67037,139.59639
35.67031,139.59628
35.67023,139.59619
35.67017,139.59609
35.67011,139.59599
35.67006,139.59589
35.67,139.59579
35.66994,139.5957
35.66988,139.5956
35.66982,139.59553
35.66976,139.59545
35.6697,139.59537
35.66965,139.59529
35.66959,139.59521
35.66954,139.59513
35.66949,139.59505
35.66944,139.59497
35.66939,139.59489
35.66934,139.59481
35.66928,139.59472
35.66923,139.59463
35.66918,139.59455
35.66914,139.59449
35.6691,139.59443
35.66907,139.59439
35.66904,139.59434
35.66902,139.59431
35.669,139.59427
35.66899,139.59424
35.66897,139.59421
35.66895,139.59418
35.66895,139.59416
35.66894,139.59416
35.66893,139.59415
35.66893,139.59414
35.66892,139.59414
35.66892,139.59413
35.66892,139.59413
35.66891,139.59412
35.66891,139.59411
35.66889,139.59408
35.66887,139.59404
35.66885,139.594
35.66883,139.59396
35.66879,139.5939
35.66875,139.59383
35.66871,139.59376
35.66866,139.59369
35.66861,139.5936
35.66855,139.59351
35.66848,139.59341
35.66842,139.59332
35.66836,139.59322
35.6683,139.59313
35.66824,139.59303
35.66818,139.59295
35.66813,139.59286
35.66807,139.59277
35.66801,139.59268
35.66795,139.59258
35.66789,139.59248
35.66783,139.59237
35.66776,139.59226
35.6677,139.59215
35.66764,139.59204
35.66757,139.59193
35.6675,139.59182
35.66743,139.59171
35.66735,139.5916
35.66729,139.59149
35.66722,139.59137
35.66715,139.59126
35.66709,139.59115
35.66703,139.59104
35.66696,139.59093
35.6669,139.59082
35.66684,139.59071
35.66678,139.5906
35.6667,139.59051
35.66663,139.59041
35.66657,139.59031
35.66653,139.59021
35.66648,139.59013
35.66643,139.59006
35.66638,139.59
35.66634,139.58994
35.6663,139.58989
35.66628,139.58985
35.66625,139.58981
35.66623,139.58979
35.66621,139.58977
35.6662,139.58976
35.66619,139.58975
35.66619,139.58975
35.66619,139.58975
35.66618,139.58974
35.66618,139.58974
35.66618,139.58974
35.66618,139.58973
35.66618,139.58974
35.66618,139.58973
35.66618,139.58973
35.66615,139.58972
35.66613,139.58968
35.66611,139.58965
35.66608,139.58961
35.66605,139.58956
35.66602,139.58951
35.66599,139.58946
35.66595,139.5894
35.66591,139.58934
35.66587,139.58928
35.66584,139.58922
35.66581,139.58917
35.66578,139.58913
35.66576,139.58909
35.66573,139.58904
35.6657,139.589
35.66567,139.58895
35.66564,139.58892
35.66562,139.58888
35.66559,139.58884
35.66557,139.58881
35.66554,139.58876
35.66551,139.5887
35.66547,139.58864
35.66543,139.58858
35.66539,139.58852
35.66535,139.58845
35.66529,139.58838
35.66524,139.58829
35.66519,139.58819
35.66514,139.5881
35.66509,139.58802
35.66503,139.58792
35.66498,139.58784
35.66493,139.58776
35.66488,139.58768
35.66484,139.58761
35.6648,139.58753
35.66475,139.58746
35.6647,139.58739
35.66466,139.58732
35.66461,139.58725
35.66457,139.58718
35.66453,139.58712
35.66449,139.58706
35.66445,139.58699
35.6644,139.58692
35.66435,139.58685
35.6643,139.58678
35.66425,139.58671
35.6642,139.58664
35.66416,139.58658
35.66414,139.58654
35.66413,139.58651
35.66412,139.58649
35.66411,139.58648
35.66411,139.58648
35.6641,139.58647
35.6641,139.58647
35.6641,139.58647
35.6641,139.58647
35.6641,139.58647
35.6641,139.58647
35.6641,139.58647
35.6641,139.58647
35.6641,139.58647
35.6641,139.58647
35.6641,139.58647
35.6641,139.58647
35.6641,139.58647
35.6641,139.58647
35.6641,139.58647
35.6641,139.58647
35.6641,139.58647
35.6641,139.58647
35.6641,139.58647
35.6641,139.58647
35.6641,139.58647
35.6641,139.58647
35.6641,139.58647
35.6641,139.58647
35.6641,139.58647
35.6641,139.58647
35.6641,139.58647
35.6641,139.58647
35.6641,139.58647
35.6641,139.58647
35.6641,139.58647
35.6641,139.58647
35.6641,139.58647
35.6641,139.58647
35.6641,139.58647
35.6641,139.58647
35.6641,139.58647
35.6641,139.58647
35.6641,139.58647
35.6641,139.58647
35.6641,139.58647
35.6641,139.58647
35.6641,139.58647
35.6641,139.58647
35.6641,139.58647
35.6641,139.58647
35.6641,139.58647
35.6641,139.58647
35.6641,139.58642
35.6641,139.58642
35.66408,139.58638
35.66405,139.58633
35.66403,139.58628
35.664,139.58621
35.66396,139.58614
35.66394,139.58608
35.66391,139.58601
35.66388,139.58594
35.66387,139.58588
35.66384,139.58582
35.66383,139.58576
35.6638,139.5857
35.66378,139.58564
35.66376,139.58559
35.66374,139.58553
35.66372,139.58547
35.6637,139.58541
35.66368,139.58534
35.66365,139.58528
35.66362,139.58521
35.6636,139.58514
35.66357,139.58508
35.66355,139.58502
35.66353,139.58497
35.66351,139.58492
35.66349,139.58487
35.66346,139.58481
35.66344,139.58476
35.66342,139.58469
35.6634,139.58463
35.66338,139.58456
35.66335,139.58449
35.66332,139.58441
35.66329,139.58434
35.66326,139.58427
35.66323,139.5842
35.66321,139.58413
35.66318,139.58406
35.66315,139.58398
35.66312,139.5839
35.66309,139.58381
35.66305,139.58372
35.66301,139.58361
35.66297,139.5835
35.66293,139.58338
35.66288,139.58327
35.66285,139.58314
35.6628,139.58302
35.66275,139.58289
35.66271,139.58276
35.66266,139.58264
35.66262,139.58252
35.66257,139.58239
35.66253,139.58227
35.66248,139.58214
35.66244,139.58202
35.66239,139.5819
35.66235,139.58179
35.6623,139.58167
35.66226,139.58156
35.66221,139.58144
35.66217,139.58133
35.66213,139.58121
35.66208,139.5811
35.66204,139.58099
35.662,139.58088
35.66196,139.58076
35.6619,139.58064
35.66184,139.58053
35.66179,139.58042
35.66174,139.58031
35.66169,139.58022
35.66165,139.58014
35.6616,139.58007
35.66155,139.57998
35.6615,139.57989
35.66144,139.57979
35.66139,139.5797
35.66133,139.5796
35.66127,139.5795
35.66121,139.57939
35.66114,139.57928
35.66108,139.57917
35.66101,139.57906
35.66095,139.57895
35.66089,139.57883
35.66082,139.57872
35.66075,139.57862
35.66067,139.57852
35.66061,139.57842
35.66055,139.5783
35.66049,139.57819
35.66044,139.57807
35.6604,139.57795
35.66037,139.57782
35.66034,139.5777
35.6603,139.57759
35.66027,139.57746
35.66024,139.57733
35.66021,139.57722
35.66017,139.5771
35.66014,139.57698
35.66011,139.57686
35.66007,139.57674
35.66004,139.57662
35.66001,139.5765
35.65998,139.57638
35.65994,139.57626
35.65991,139.57614
35.65986,139.57602
35.65982,139.5759
35.65978,139.57578
35.65974,139.57565
35.6597,139.57552
35.65966,139.57539
35.65962,139.57525
35.65958,139.57511
35.65954,139.57497
35.6595,139.57483
35.65947,139.57471
35.65942,139.57459
35.65938,139.57447
35.65933,139.57435
35.65929,139.57423
35.65926,139.57411
35.65922,139.574
35.65919,139.57388
35.65914,139.57377
35.6591,139.57365
35.65905,139.57353
35.65903,139.57343
35.65898,139.57331
35.65894,139.57319
35.65889,139.57306
35.65884,139.57293
35.6588,139.57279
35.65875,139.57267
35.65869,139.57253
35.65865,139.57239
35.6586,139.57227
35.65855,139.57214
35.6585,139.57202
35.65846,139.5719
35.65841,139.57178
35.65836,139.57165
35.65831,139.57151
35.65826,139.57138
35.65822,139.57125
35.65818,139.57113
35.65814,139.57101
35.65809,139.5709
35.65805,139.57079
35.658,139.57069
35.65796,139.57058
35.65792,139.57047
35.65788,139.57036
35.65783,139.57025
35.65777,139.57014
35.65772,139.57003
35.65766,139.56992
35.6576,139.56982
35.65753,139.56972
35.65747,139.56962
35.65741,139.56952
35.65735,139.56942
35.65728,139.56932
35.65723,139.56922
35.65717,139.56912
35.65711,139.56903
35.65705,139.56893
35.65699,139.56883
35.65693,139.56874
35.65686,139.56864
35.6568,139.56854
35.65674,139.56845
35.65668,139.56836
35.65663,139.56828
35.65658,139.5682
35.65653,139.56812
35.65649,139.56805
35.65644,139.56799
35.65641,139.56793
35.65638,139.56789
35.65636,139.56785
35.65634,139.56782
35.65632,139.56779
35.6563,139.56776
35.65631,139.56777
35.65627,139.56771
35.65626,139.5677
35.65626,139.56768
35.65626,139.56769
35.65626,139.56769
35.65624,139.56766
35.65624,139.56765
35.65623,139.56764
35.65623,139.56763
35.65623,139.56763
35.65623,139.56763
35.65624,139.56763
35.65623,139.56763
35.65623,139.56763
35.65623,139.56763
35.65623,139.56763
35.65623,139.56763
35.65623,139.56763
35.65623,139.56763
35.65623,139.56763
35.65623,139.56763
35.65623,139.56763
35.65623,139.56763
35.65623,139.56763
35.65623,139.56763
35.65623,139.56763
35.65623,139.56763
35.65623,139.56763
35.65623,139.56763
35.65623,139.56763
35.65624,139.56763
35.65624,139.56763
35.65622,139.56759
35.65619,139.56756
35.65616,139.56752
35.65614,139.56747
35.65609,139.56741
35.65605,139.56734
35.65602,139.56727
35.65597,139.56721
35.65592,139.56714
35.65587,139.56706
35.65581,139.56697
35.65576,139.56689
35.6557,139.5668
35.65565,139.5667
35.65559,139.5666
35.65553,139.5665
35.65547,139.56639
35.65541,139.56629
35.65535,139.56617
35.65529,139.56606
35.65522,139.56594
35.65516,139.56582
35.6551,139.56569
35.65503,139.56557
35.65496,139.56544
35.6549,139.56531
35.65483,139.5652
35.65477,139.56508
35.65471,139.56496
35.65464,139.56485
35.65459,139.56472
35.65452,139.5646
35.65446,139.56448
35.65439,139.56437
35.65433,139.56426
35.65427,139.56414
35.65421,139.56404
35.65416,139.56394
35.65411,139.56384
35.65407,139.56375
35.65403,139.56366
35.65399,139.5636
35.65396,139.56355
35.65393,139.5635
35.65391,139.56345
35.65388,139.5634
35.65385,139.56336
35.65384,139.56333
35.65382,139.56329
35.6538,139.56326
35.65378,139.56323
35.65377,139.5632
35.65376,139.56318
35.65375,139.56316
35.65374,139.56315
35.65374,139.56315
35.65373,139.56314
35.65373,139.56313
35.65373,139.56313
35.65373,139.56313
35.65373,139.56313
35.65373,139.56313
35.65373,139.56313
35.65373,139.56313
35.65373,139.56313
35.65373,139.56313
35.65373,139.56313
35.65373,139.56313
35.65373,139.56313
35.65373,139.56313
35.65373,139.56313
35.65373,139.56313
35.65373,139.56313
35.65373,139.56313
35.65373,139.56313
35.65373,139.56313
35.65373,139.56313
35.65373,139.56313
35.65374,139.56313
35.65373,139.56312
35.65371,139.56308
35.65369,139.56303
35.65366,139.56298
35.65363,139.56292
35.6536,139.56285
35.65356,139.56278
35.65352,139.56271
35.65348,139.56263
35.65343,139.56255
35.65338,139.56246
35.65333,139.56238
35.65329,139.5623
35.65324,139.56222
35.6532,139.56212
35.65315,139.56203
35.65311,139.56194
35.65306,139.56186
35.65302,139.56177
35.65297,139.56168
35.65293,139.56159
35.65289,139.56151
35.65286,139.56142
35.65282,139.56134
35.65278,139.56126
35.65274,139.56117
35.6527,139.56108
35.65266,139.56098
35.65262,139.56089
35.65258,139.56078
35.65254,139.56066
35.65251,139.56054
35.65248,139.56042
35.65245,139.5603
35.65243,139.56019
35.65242,139.56009
35.6524,139.55998
35.6524,139.55986
35.65239,139.55974
35.65239,139.55961
35.6524,139.55948
35.6524,139.55935
35.65241,139.55922
35.65243,139.55908
35.65244,139.55895
35.65245,139.55882
35.65245,139.55869
35.65247,139.55857
35.65247,139.55845
35.65248,139.55833
35.65248,139.55822
35.65249,139.5581
35.65249,139.558
35.6525,139.5579
35.65251,139.55782
35.65251,139.55776
35.65251,139.5577
35.65252,139.55765
35.65252,139.55761
35.65252,139.55757
35.65252,139.55754
35.65253,139.55751
35.65253,139.55749
35.65253,139.55747
35.65253,139.55745
35.65254,139.55743
35.65254,139.55742
35.65254,139.55741
35.65254,139.55741
35.65254,139.5574
35.65254,139.5574
35.65254,139.5574
35.65254,139.5574
35.65254,139.5574
35.65254,139.5574
35.65254,139.5574
35.65254,139.5574
35.65254,139.5574
35.65254,139.5574
35.65254,139.5574
35.65254,139.5574
35.65254,139.5574
35.65254,139.5574
35.65254,139.5574
35.65254,139.5574
35.65254,139.5574
35.65254,139.5574
35.65254,139.5574
35.65254,139.5574
35.65254,139.5574
35.65254,139.5574
35.65254,139.5574
35.65254,139.5574
35.65254,139.5574
35.65254,139.5574
35.65254,139.5574
35.65254,139.5574
35.65254,139.5574
35.65254,139.5574
35.65254,139.5574
35.65254,139.5574
35.65254,139.5574
35.65254,139.5574
35.65254,139.5574
35.65254,139.5574
35.65254,139.5574
35.65254,139.5574
35.65254,139.5574
35.65254,139.5574
35.65254,139.5574
35.65255,139.55739
35.65255,139.55738
35.65255,139.55734
35.65256,139.55729
35.65256,139.55723
35.65256,139.55716
35.65256,139.55709
35.65257,139.55701
35.65257,139.55693
35.65258,139.55685
35.65258,139.55677
35.65259,139.55669
35.65261,139.5566
35.65262,139.55651
35.65263,139.5564
35.65265,139.55629
35.65266,139.55616
35.65267,139.55604
35.65269,139.55591
35.65271,139.55577
35.65273,139.55564
35.65274,139.5555
35.65276,139.55536
35.65278,139.55521
35.65279,139.55505
35.65281,139.55489
35.65283,139.55473
35.65285,139.55457
35.65287,139.55441
35.65289,139.55426
35.65291,139.55411
35.65292,139.55396
35.65294,139.55381
35.65295,139.55367
35.65297,139.55354
35.65298,139.55342
35.65299,139.5533
35.653,139.55319
35.65302,139.55309
35.65303,139.553
35.65304,139.55292
35.65305,139.55285
35.65306,139.55278
35.65306,139.55271
35.65307,139.55265
35.65308,139.55259
35.65308,139.55253
35.65309,139.55248
35.65309,139.55244
35.65309,139.55241
35.65309,139.55237
35.65309,139.55235
35.65309,139.55233
35.65309,139.55232
35.65309,139.55231
35.65309,139.5523
35.65309,139.5523
35.65308,139.55229
35.65309,139.55228
35.65309,139.55228
35.6531,139.55229
35.6531,139.55229
35.6531,139.55229
35.6531,139.55229
35.6531,139.55229
35.6531,139.55229
35.6531,139.55229
35.6531,139.55229
35.6531,139.55229
35.6531,139.55229
35.6531,139.55229
35.6531,139.55229
35.6531,139.55229
35.6531,139.55229
35.6531,139.55229
35.6531,139.55229
35.6531,139.55229
35.6531,139.55229
35.6531,139.55229
35.6531,139.55229
35.6531,139.55229
35.6531,139.55229
35.6531,139.55229
35.6531,139.55229
35.6531,139.55229
35.6531,139.55229
35.6531,139.55229
35.6531,139.55229
35.6531,139.55229
35.6531,139.55229
35.6531,139.55229
35.6531,139.55229
35.65307,139.55225
35.65307,139.55224
35.65308,139.55221
35.65308,139.55217
35.65309,139.55212
35.6531,139.55205
35.65311,139.55198
35.65312,139.5519
35.65313,139.55182
35.65315,139.55173
35.65316,139.55163
35.65318,139.55153
35.65321,139.55142
35.65324,139.55131
35.65327,139.55119
35.65331,139.55107
35.65334,139.55094
35.65338,139.55081
35.65341,139.55068
35.65344,139.55055
35.65348,139.55042
35.65351,139.55029
35.65355,139.55016
35.65358,139.55003
35.65362,139.54991
35.65364,139.5498
35.65367,139.54971
35.6537,139.54963
35.65373,139.54956
35.65376,139.54949
35.65378,139.54942
35.6538,139.54934
35.65382,139.54927
35.65384,139.5492
35.65386,139.54913
35.65389,139.54906
35.6539,139.54899
35.65392,139.54892
35.65394,139.54884
35.65395,139.54877
35.65397,139.5487
35.65398,139.54864
35.654,139.54858
35.65401,139.54852
35.65403,139.54846
35.65404,139.54843
35.65405,139.54839
35.65405,139.54836
35.65406,139.54833
35.65407,139.54829
35.65409,139.54824
35.6541,139.54819
35.65413,139.54812
35.65415,139.54805
35.65417,139.54798
35.6542,139.5479
35.65423,139.54782
35.65426,139.54774
35.65428,139.54765
35.65431,139.54754
35.65435,139.54744
35.65439,139.54733
35.65442,139.54722
35.65446,139.5471
35.65449,139.54698
35.65452,139.54687
35.65456,139.54675
35.65458,139.54662
35.65462,139.5465
35.65465,139.54638
35.65468,139.54625
35.65472,139.54613
35.65475,139.546
35.65479,139.54588
35.65483,139.54575
35.65488,139.54562
35.65491,139.5455
35.65495,139.54538
35.65496,139.54525
35.65498,139.54513
35.65501,139.54503
35.65503,139.54492
35.65506,139.54482
35.65509,139.54471
35.65511,139.5446
35.65514,139.5445
35.65517,139.5444
35.65519,139.54429
35.65523,139.54418
35.65526,139.54408
35.65529,139.54397
35.65533,139.54387
35.65536,139.54376
35.65539,139.54365
35.65542,139.54354
35.65546,139.54342
35.65549,139.54329
35.65553,139.54315
35.65557,139.54303
35.6556,139.5429
35.65564,139.54277
35.65568,139.54264
35.65572,139.5425
35.65575,139.54237
35.65579,139.54225
35.65582,139.54213
35.65586,139.54201
35.6559,139.54188
35.65593,139.54177
35.65596,139.54166
35.65599,139.54156
35.65602,139.54147
35.65604,139.54138
35.65606,139.54131
35.65609,139.54123
35.6561,139.54116
35.65612,139.54109
35.65613,139.54103
35.65615,139.54097
35.65617,139.54091
35.65618,139.54087
35.6562,139.54082
35.65621,139.54079
35.65622,139.54076
35.65622,139.54075
35.65623,139.54074
35.65623,139.54072
35.65623,139.54072
35.65623,139.54071
35.65623,139.5407
35.65624,139.54069
35.65624,139.54069
35.65624,139.54069
35.65625,139.54067
35.65625,139.54067
35.65625,139.54067
35.65625,139.54067
35.65625,139.54067
35.65625,139.54067
35.65625,139.54067
35.65625,139.54067
35.65625,139.54067
35.65625,139.54067
35.65625,139.54067
35.65625,139.54067
35.65625,139.54067
35.65625,139.54067
35.65625,139.54067
35.65625,139.54067
35.65625,139.54067
35.65625,139.54067
35.65625,139.54067
35.65625,139.54067
35.65625,139.54067
35.65625,139.54067
35.65625,139.54067
35.65625,139.54067
35.65625,139.54067
35.65625,139.54067
35.65625,139.54067
35.65625,139.54067
35.65625,139.54067
35.65625,139.54067
35.65625,139.54067
35.65625,139.54067
35.65625,139.54067
35.65626,139.54067
35.65627,139.54066
35.65627,139.54066
35.65627,139.54064
35.65629,139.5406
35.6563,139.54056
35.65631,139.54051
35.65633,139.54046
35.65635,139.5404
35.65637,139.54033
35.65639,139.54026
35.65641,139.54019
35.65644,139.54011
35.65647,139.54003
35.65649,139.53995
35.65652,139.53986
35.65655,139.53977
35.65658,139.53969
35.65661,139.53959
35.65664,139.53949
35.65668,139.5394
35.65671,139.5393
35.65675,139.53921
35.65678,139.5391
35.65683,139.539
35.65686,139.53889
35.65691,139.53878
35.65694,139.53867
35.65698,139.53856
35.65702,139.53845
35.65706,139.53833
35.6571,139.53822
35.65715,139.53812
35.65721,139.53801
35.65726,139.5379
35.65732,139.5378
35.65737,139.5377
35.65741,139.53761
35.65746,139.53752
35.6575,139.53743
35.65755,139.53734
35.65758,139.53725
35.65763,139.53716
35.65767,139.53707
35.65771,139.53698
35.65776,139.53689
35.6578,139.5368
35.65784,139.5367
35.65788,139.53661
35.65793,139.53651
35.65797,139.53641
35.65802,139.53631
35.65807,139.53621
35.65811,139.53611
35.65816,139.53602
35.6582,139.53592
35.65825,139.53582
35.65829,139.53573
35.65834,139.53563
35.65839,139.53553
35.65843,139.53543
35.65848,139.53533
35.65853,139.53523
35.65858,139.53512
35.65863,139.53502
35.65868,139.53491
35.65873,139.5348
35.65878,139.53468
35.65884,139.53457
35.65889,139.53445
35.65895,139.53433
35.659,139.53422
35.65904,139.53413
35.65908,139.53407
35.65911,139.53401
35.65913,139.53395
35.65915,139.53392
35.65916,139.5339
35.65917,139.53388
35.65918,139.53386
35.6592,139.53383
35.65922,139.53378
35.65925,139.53373
35.65928,139.53367
35.65931,139.53361
35.65933,139.53354
35.65936,139.53348
35.6594,139.53341
35.65943,139.53334
35.65947,139.53326
35.6595,139.53318
35.65954,139.53309
35.65958,139.533
35.65962,139.53291
35.65966,139.53281
35.65971,139.53271
35.65975,139.53261
35.65979,139.53252
35.65983,139.53242
35.65987,139.53233
35.65991,139.53224
35.65996,139.53216
35.66,139.53207
35.66004,139.53199
35.66008,139.53191
35.66013,139.53183
35.66018,139.53175
35.66023,139.53166
35.66027,139.53158
35.66031,139.53148
35.66036,139.53138
35.6604,139.53128
35.66044,139.53118
35.66049,139.53109
35.66053,139.531
35.66059,139.5309
35.66063,139.5308
35.66068,139.53071
35.66073,139.53061
35.66077,139.53051
35.66082,139.53041
35.66087,139.53031
35.66091,139.53021
35.66095,139.53012
35.66099,139.53002
35.66104,139.52992
35.66109,139.52981
35.66114,139.52969
35.66119,139.52958
35.66124,139.52947
35.6613,139.52937
35.66134,139.52926
35.66139,139.52916
35.66144,139.52906
35.66149,139.52896
35.66152,139.52886
35.66157,139.52874
35.66161,139.52863
35.66165,139.52853
35.6617,139.52843
35.66174,139.52832
35.66179,139.52823
35.66183,139.52812
35.66188,139.52802
35.66193,139.52792
35.66198,139.52782
35.66202,139.52772
35.66207,139.52762
35.66211,139.52753
35.66216,139.52742
35.66221,139.52733
35.66226,139.52723
35.6623,139.52714
35.66233,139.52706
35.66236,139.527
35.66239,139.52694
35.66241,139.5269
35.66242,139.52687
35.66244,139.52684
35.66245,139.5268
35.66247,139.52677
35.66249,139.52672
35.66252,139.52667
35.66255,139.52661
35.66258,139.52654
35.6626,139.52648
35.66264,139.52641
35.66267,139.52634
35.66271,139.52627
35.66275,139.52619
35.66278,139.5261
35.66282,139.52602
35.66286,139.52595
35.66289,139.52586
35.66293,139.52579
35.66296,139.5257
35.663,139.52562
35.66303,139.52553
35.66308,139.52543
35.66312,139.52533
35.66317,139.52523
35.66321,139.52511
35.66326,139.525
35.66331,139.52488
35.66336,139.52476
35.66341,139.52464
35.66346,139.52452
35.66351,139.5244
35.66356,139.52429
35.6636,139.52418
35.66365,139.52407
35.66369,139.52396
35.66374,139.52385
35.66378,139.52374
35.66382,139.52363
35.66387,139.52352
35.66392,139.52341
35.66396,139.52329
35.66401,139.52318
35.66406,139.52305
35.66411,139.52293
35.66417,139.5228
35.66422,139.52268
35.66427,139.52256
35.66432,139.52243
35.66437,139.52231
35.66442,139.52218
35.66447,139.52206
35.66452,139.52194
35.66456,139.52182
35.66461,139.52171
35.66465,139.5216
35.66469,139.52149
35.66474,139.52139
35.66478,139.52128
35.66483,139.52117
35.66487,139.52107
35.66492,139.52095
35.66497,139.52085
35.66501,139.52074
35.66505,139.52065
35.66509,139.52055
35.66513,139.52045
35.66517,139.52035
35.66521,139.52027
35.66524,139.5202
35.66527,139.52013
35.6653,139.52007
35.66532,139.52001
35.66535,139.51997
35.66535,139.51992
35.66536,139.51988
35.66537,139.51985
35.66538,139.51981
35.66539,139.51979
35.6654,139.51977
35.6654,139.51975
35.66541,139.51974
35.66541,139.51974
35.66541,139.51974
35.66541,139.51974
35.66542,139.51974
35.66542,139.51973
35.66542,139.51973
35.66542,139.51973
35.66542,139.51973
35.66542,139.51973
35.66542,139.51973
35.66542,139.51973
35.66542,139.51973
35.66542,139.51973
35.66542,139.51973
35.66542,139.51973
35.66542,139.51973
35.66542,139.51973
35.66542,139.51973
35.66542,139.51973
35.66542,139.51973
35.66542,139.51973
35.66542,139.51973
35.66542,139.51973
35.66542,139.51973
35.66542,139.51973
35.66542,139.51973
35.66542,139.51973
35.66542,139.51973
35.66542,139.51973
35.66542,139.51973
35.66542,139.51973
35.66542,139.51973
35.66542,139.51973
35.66542,139.51973
35.66545,139.51972
35.66546,139.51969
35.66547,139.51966
35.66548,139.51963
35.66549,139.51959
35.6655,139.51955
35.66551,139.51951
35.66552,139.51947
35.66554,139.51943
35.66555,139.51939
35.66557,139.51934
35.66559,139.5193
35.66561,139.51925
35.66563,139.5192
35.66565,139.51914
35.66568,139.51907
35.6657,139.519
35.66574,139.51893
35.66577,139.51886
35.6658,139.51878
35.66583,139.5187
35.66587,139.51861
35.66591,139.51853
35.66594,139.51844
35.66599,139.51835
35.66602,139.51825
35.66606,139.51815
35.6661,139.51805
35.66614,139.51796
35.66618,139.51786
35.66622,139.51776
35.66626,139.51766
35.66631,139.51757
35.66634,139.51749
35.66637,139.51741
35.6664,139.51733
35.66643,139.51727
35.66645,139.5172
35.66647,139.51715
35.66649,139.5171
35.66651,139.51705
35.66653,139.51701
35.66654,139.51697
35.66656,139.51695
35.66656,139.51693
35.66656,139.51692
35.66657,139.51692
35.66657,139.51691
35.66657,139.51691
35.66658,139.5169
35.66658,139.5169
35.66658,139.5169
35.66658,139.5169
35.66658,139.51689
35.66659,139.51687
35.6666,139.51686
35.6666,139.51685
35.6666,139.51685
35.66661,139.51681
35.66662,139.5168
35.66662,139.51679
35.66663,139.51679
35.66663,139.51678
35.66663,139.51678
35.66663,139.51677
35.66663,139.51677
35.66663,139.51677
35.66664,139.51678
35.66664,139.51678
35.66664,139.51678
35.66664,139.51678
35.66664,139.51678
35.66664,139.51678
35.66664,139.51678
35.66664,139.51678
35.66664,139.51678
35.66664,139.51678
35.66664,139.51678
35.66664,139.51678
35.66665,139.51679
35.66665,139.51679
35.66665,139.51678
35.66666,139.51676
35.66667,139.51675
35.66668,139.51671
35.6667,139.51667
35.66672,139.51663
35.66674,139.51659
35.66675,139.51653
35.66678,139.51647
35.6668,139.51642
35.66682,139.51637
35.66684,139.51632
35.66686,139.51626
35.66689,139.51621
35.66692,139.51614
35.66695,139.51607
35.66699,139.51599
35.66703,139.51591
35.66707,139.51581
35.66711,139.51572
35.66715,139.51563
35.66719,139.51553
35.66722,139.51543
35.66727,139.51534
35.66731,139.51523
35.66735,139.51512
35.6674,139.51501
35.66744,139.5149
35.66749,139.51479
35.66753,139.51468
35.66758,139.51456
35.66763,139.51444
35.66768,139.5143
35.66774,139.51417
35.6678,139.51402
35.66786,139.51389
35.66792,139.51376
35.66796,139.51362
35.66802,139.5135
35.66806,139.51337
35.66811,139.51325
35.66817,139.51314
35.6682,139.51301
35.66825,139.51289
35.6683,139.51278
35.66835,139.51266
35.66839,139.51255
35.66844,139.51244
35.6685,139.51234
35.66853,139.51224
35.66857,139.51215
35.66859,139.51207
35.66862,139.51199
35.66865,139.51191
35.66868,139.51183
35.66871,139.51176
35.66874,139.51168
35.66878,139.5116
35.66881,139.51152
35.66885,139.51143
35.66888,139.51135
35.66892,139.51126
35.66895,139.51117
35.66899,139.51108
35.66903,139.51098
35.66907,139.51088
35.66911,139.51079
35.66915,139.5107
35.66919,139.51061
35.66922,139.51052
35.66926,139.51043
35.66929,139.51035
35.66932,139.51028
35.66934,139.51023
35.66935,139.5102
35.66936,139.51018
35.66936,139.51018
35.66936,139.51017
35.66936,139.51017
35.66936,139.51018
35.66936,139.51018
35.66936,139.51018
35.66936,139.51017
35.66936,139.51017
35.66936,139.51017
35.66936,139.51017
35.66936,139.51017
35.66936,139.51017
35.66936,139.51017
35.66936,139.51017
35.66936,139.51017
35.66936,139.51017
35.66936,139.51017
35.66936,139.51017
35.66936,139.51017
35.66936,139.51017
35.66936,139.51017
35.66936,139.51017
35.66936,139.51017
35.66936,139.51017
35.66936,139.51017
35.66936,139.51017
35.66936,139.51017
35.66936,139.51017
35.66936,139.51017
35.66936,139.51017
35.66936,139.51017
35.66937,139.51016
35.66937,139.51015
35.66939,139.51011
35.66941,139.51007
35.66943,139.51001
35.66945,139.50996
35.66947,139.5099
35.6695,139.50984
35.66952,139.50979
35.66954,139.50973
35.66957,139.50967
35.66959,139.50962
35.6696,139.50958
35.66962,139.50953
35.66964,139.5095
35.66965,139.50947
35.66966,139.50943
35.66966,139.5094
35.66967,139.50937
35.66967,139.50938
35.66968,139.50933
35.66968,139.50934
35.66968,139.50934
35.66969,139.50928
35.66969,139.50928
35.66971,139.50925
35.66972,139.50921
35.66974,139.50916
35.66976,139.50909
35.66978,139.50902
35.66981,139.50896
35.66983,139.50888
35.66986,139.5088
35.66989,139.50871
35.66992,139.50864
35.66994,139.50855
35.66997,139.50845
35.67,139.50836
35.67002,139.50825
35.67004,139.50815
35.67005,139.50803
35.67007,139.5079
35.67009,139.50777
35.67011,139.50764
35.67012,139.5075
35.67013,139.50735
35.67014,139.50721
35.67014,139.50707
35.67015,139.50694
35.67015,139.5068
35.67016,139.50667
35.67016,139.50654
35.67016,139.50641
35.67016,139.50629
35.67016,139.50616
35.67016,139.50603
35.67016,139.50591
35.67017,139.50579
35.67017,139.50567
35.67017,139.50557
35.67017,139.50549
35.67017,139.50541
35.67017,139.50533
35.67017,139.50524
35.67017,139.50513
35.67017,139.50502
35.67018,139.5049
35.67019,139.50478
35.67019,139.50464
35.6702,139.5045
35.67021,139.50434
35.67021,139.50419
35.67022,139.50404
35.67022,139.50389
35.67023,139.50374
35.67024,139.50359
35.67024,139.50343
35.67025,139.50326
35.67026,139.50309
35.67026,139.50293
35.67026,139.50277
35.67027,139.50262
35.67026,139.50247
35.67026,139.50232
35.67028,139.50217
35.67027,139.50202
35.67029,139.50187
35.67029,139.50173
35.67029,139.50159
35.67028,139.50146
35.67027,139.50133
35.67027,139.5012
35.67027,139.50108
35.67027,139.50096
35.67027,139.50084
35.67027,139.50073
35.67027,139.50062
35.67027,139.50051
35.67027,139.5004
35.67027,139.50029
35.67027,139.50019
35.67027,139.5001
35.67027,139.50002
35.67027,139.49994
35.67027,139.49987
35.67028,139.49983
35.67028,139.49979
35.67028,139.49976
35.67028,139.49975
35.67028,139.49975
35.67028,139.49974
35.67028,139.49974
35.67028,139.49974
35.67028,139.49973
35.67028,139.49973
35.67028,139.49973
35.67028,139.49973
35.67029,139.49971
35.67029,139.49971
35.67029,139.49971
35.67029,139.49971
35.67029,139.49971
35.67029,139.49971
35.67029,139.49971
35.67029,139.49971
35.67029,139.49971
35.67029,139.4997
35.67029,139.4997
35.67029,139.49969
35.67029,139.49969
35.67029,139.49964
35.6703,139.4996
35.6703,139.49956
35.67029,139.49952
35.67029,139.49946
35.67029,139.4994
35.67029,139.49932
35.67028,139.49925
35.67028,139.49918
35.67028,139.4991
35.67028,139.49901
35.67029,139.49892
35.67029,139.49882
35.67029,139.49872
35.67029,139.49862
35.67029,139.49851
35.67029,139.49839
35.6703,139.49827
35.6703,139.49815
35.67031,139.49803
35.67031,139.49791
35.67032,139.49778
35.67032,139.49765
35.67032,139.49753
35.67032,139.4974
35.67032,139.49727
35.67032,139.49715
35.67032,139.49703
35.67033,139.49691
35.67033,139.4968
35.67033,139.49668
35.67034,139.49657
35.67034,139.49646
35.67034,139.49635
35.67034,139.49624
35.67035,139.49612
35.67035,139.49601
35.67035,139.49588
35.67036,139.49573
35.67035,139.49559
35.67036,139.49544
35.67036,139.49529
35.67037,139.49514
35.67038,139.49499
35.67039,139.49485
35.6704,139.4947
35.6704,139.49457
35.6704,139.49443
35.67041,139.49428
35.67041,139.49414
35.67042,139.494
35.67042,139.49386
35.67042,139.49372
35.67043,139.49361
35.67043,139.49351
35.67041,139.49341
35.67041,139.49333
35.6704,139.49325
35.6704,139.49319
35.6704,139.49315
35.6704,139.49313
35.6704,139.49311
35.6704,139.49309
35.6704,139.49308
35.67041,139.49307
35.67041,139.49306
35.67041,139.49306
35.67042,139.49306
35.67042,139.49305
35.67042,139.49305
35.67042,139.49305
35.67042,139.49305
35.67042,139.49305
35.67042,139.49305
35.67042,139.49305
35.67042,139.49305
35.67042,139.49305
35.67042,139.49305
35.67042,139.49305
35.67042,139.49305
35.67042,139.49305
35.67042,139.49305
35.67042,139.49305
35.67042,139.49305
35.67042,139.49305
35.67042,139.49305
35.67042,139.49305
35.67042,139.49305
35.67042,139.49305
35.67042,139.49305
35.67042,139.49305
35.67042,139.49305
35.67042,139.49305
35.67042,139.49305
35.67042,139.49305
35.67042,139.49305
35.67042,139.49305
35.67042,139.49305
35.67042,139.49305
35.67042,139.49305
35.67042,139.49305
35.67045,139.49304
35.67045,139.49301
35.67045,139.49296
35.67045,139.49289
35.67045,139.49281
35.67046,139.49273
35.67046,139.49262
35.67047,139.49251
35.67047,139.4924
35.67048,139.49228
35.67049,139.49216
35.6705,139.49204
35.67053,139.4919
35.67056,139.49177
35.67057,139.49163
35.6706,139.4915
35.67063,139.49137
35.67066,139.49124
35.67069,139.4911
35.67071,139.49097
35.67075,139.49084
35.67078,139.49071
35.67082,139.49057
35.67086,139.49044
35.67089,139.4903
35.67093,139.49018
35.67096,139.49004
35.671,139.48991
35.67104,139.48978
35.67108,139.48964
35.67112,139.4895
35.67116,139.48937
35.6712,139.48923
35.67124,139.4891
35.67128,139.48895
35.67133,139.4888
35.67137,139.48865
35.67142,139.4885
35.67145,139.48834
35.67149,139.48818
35.67153,139.48803
35.67157,139.48788
35.67161,139.48773
35.67165,139.48758
35.67169,139.48744
35.67173,139.48731
35.67177,139.48717
35.6718,139.48704
35.67183,139.48692
35.67187,139.4868
35.67191,139.48668
35.67194,139.48655
35.67197,139.48643
35.672,139.48632
35.67203,139.48621
35.67206,139.48611
35.67209,139.48602
35.67212,139.48593
35.67214,139.48584
35.67215,139.48577
35.67217,139.4857
35.67219,139.48564
35.67221,139.48559
35.67222,139.48554
35.67224,139.4855
35.67225,139.48546
35.67226,139.48545
35.67226,139.48543
35.67226,139.48542
35.67227,139.48541
35.67227,139.48541
35.67227,139.48541
35.67228,139.48537
35.6723,139.48531
35.67233,139.48525
35.67234,139.4852
35.67236,139.48515
35.67237,139.48509
35.67239,139.48502
35.67242,139.48493
35.67245,139.48483
35.67247,139.48474
35.6725,139.48464
35.67253,139.48453
35.67256,139.48443
35.67259,139.48433
35.67262,139.48423
35.67265,139.48413
35.67267,139.48404
35.67269,139.48395
35.67272,139.48386
35.67274,139.48378
35.67276,139.48369
35.67279,139.4836
35.67282,139.48352
35.67284,139.48342
35.67285,139.48333
35.67287,139.48324
35.67289,139.48315
35.67291,139.48306
35.67294,139.48297
35.67296,139.48288
35.67299,139.48277
35.67302,139.48266
35.67305,139.48255
35.67307,139.48247
35.67309,139.48239
35.67311,139.48233
35.67313,139.48227
35.67314,139.48222
35.67315,139.48219
35.67316,139.48215
35.67317,139.48213
35.67317,139.48211
35.67317,139.48211
35.67317,139.48211
35.67317,139.48211
35.67317,139.48211
35.67317,139.48211
35.67317,139.48211
35.67317,139.48211
35.67317,139.48211
35.67317,139.48211
35.67317,139.48211
35.67317,139.48211
35.67317,139.48211
35.67317,139.48211
35.67317,139.48211
35.67317,139.48211
35.67317,139.48211
35.67317,139.48211
35.67317,139.48211
35.67317,139.48211
35.67317,139.48211
35.67317,139.48211
35.67317,139.48211
35.67317,139.48211
35.67317,139.48211
35.67317,139.48211
35.67317,139.48211
35.67317,139.48211
35.67317,139.48211
35.67317,139.48211
35.67317,139.48211
35.67317,139.48211
35.67317,139.48211
35.67317,139.48211
35.67317,139.48211
35.67317,139.48211
35.67317,139.48211
35.67317,139.48211
35.67317,139.48211
35.67317,139.48211
35.67317,139.48211
35.67317,139.48211
35.67317,139.48211
35.6732,139.48209
35.6732,139.48209
35.6732,139.48206
35.67321,139.48202
35.67322,139.48198
35.67322,139.48192
35.67323,139.48185
35.67323,139.48178
35.67323,139.48171
35.67323,139.48163
35.67323,139.48154
35.67323,139.48145
35.67323,139.48136
35.67323,139.48128
35.67322,139.4812
35.67322,139.48112
35.67322,139.48104
35.67321,139.48099
35.67321,139.48094
35.67321,139.48089
35.67321,139.48085
35.67321,139.48081
35.67321,139.48078
35.67321,139.48073
35.67321,139.48067
35.6732,139.4806
35.6732,139.48053
35.67319,139.48047
35.6732,139.4804
35.6732,139.48032
35.6732,139.48024
35.6732,139.48016
35.6732,139.48008
35.6732,139.47999
35.67319,139.4799
35.67319,139.47982
35.67318,139.47974
35.67318,139.47968
35.67318,139.4796
35.67317,139.47952
35.67317,139.47944
35.67317,139.47935
35.67316,139.47926
35.67316,139.47917
35.67316,139.47908
35.67316,139.47899
35.67317,139.47888
35.67318,139.47878
35.6732,139.47867
35.6732,139.47857
35.67322,139.47846
35.67324,139.47836
35.67326,139.47824
35.67328,139.47814
35.67328,139.47803
35.67329,139.47791
35.6733,139.4778
35.67332,139.4777
35.67334,139.4776
35.67336,139.47751
35.67337,139.47742
35.67336,139.47732
35.67336,139.47723
35.67337,139.47715
35.67337,139.47706
35.67338,139.47698
35.67338,139.47691
35.67339,139.47683
35.67338,139.47676
35.67338,139.47669
35.67338,139.47662
35.67338,139.47655
35.67337,139.4765
35.67337,139.47645
35.67337,139.47641
35.67337,139.47637
35.67336,139.47634
35.67336,139.4763
35.67336,139.47626
35.67335,139.47623
35.67335,139.4762
35.67334,139.47618
35.67334,139.47616
35.67334,139.47614
35.67334,139.47612
35.67333,139.47611
35.67333,139.47611
35.67332,139.47609
35.67332,139.47609
35.67331,139.47609
35.67332,139.47609
35.67332,139.47609
35.67332,139.47609
35.67332,139.47609
35.67332,139.47608
35.67332,139.47607
35.67332,139.47605
35.67332,139.47605
35.67333,139.47605
35.67333,139.47604
35.67333,139.47604
35.67333,139.47604
35.67333,139.47604
35.67333,139.47604
35.67333,139.47604
35.67333,139.47603
35.67333,139.47602
35.67333,139.47603
35.67333,139.47603
35.67333,139.47603
35.67333,139.47603
35.67333,139.47603
35.67333,139.47603
35.67333,139.47603
35.67333,139.47603
35.67333,139.47603
35.67333,139.47603
35.67333,139.47603
35.67333,139.47603
35.67334,139.47604
35.67334,139.47602
35.67334,139.47599
35.67334,139.47595
35.67334,139.4759
35.67334,139.47586
35.67333,139.47581
35.67333,139.47576
35.67332,139.47571
35.67332,139.47565
35.67331,139.47558
35.67331,139.47552
35.6733,139.47547
35.6733,139.47543
35.6733,139.47539
35.67329,139.47536
35.67329,139.47532
35.67328,139.47529
35.67327,139.47526
35.67326,139.47524
35.67325,139.47523
35.67324,139.47522
35.67325,139.47522
35.67325,139.47521
35.67325,139.47521
35.67325,139.47521
35.67325,139.4752
35.67325,139.4752
35.67325,139.4752
35.67325,139.4752
35.67325,139.4752
35.67325,139.4752
35.67325,139.4752
35.67325,139.4752
35.67325,139.4752
35.67325,139.4752
35.67325,139.4752
35.67325,139.4752
35.67325,139.4752
35.67325,139.4752
35.67325,139.4752
35.67325,139.4752
35.67325,139.4752
35.67325,139.4752
35.67325,139.4752
35.67325,139.4752
35.67325,139.4752
35.67325,139.4752
35.67325,139.4752
35.67325,139.4752
35.67325,139.4752
35.67325,139.4752
35.67325,139.4752
35.67325,139.4752
35.67325,139.4752
35.67325,139.4752
35.67325,139.4752
35.67325,139.4752
35.67325,139.4752
35.67325,139.4752
35.67325,139.4752
35.67325,139.4752
35.67325,139.4752
35.67325,139.4752
35.67325,139.4752
35.67325,139.4752
35.67325,139.4752
35.67325,139.4752
35.67325,139.4752
35.67325,139.4752
35.67325,139.4752
35.67325,139.4752
35.67325,139.4752
35.67325,139.4752
35.67325,139.4752
35.67325,139.4752
35.67325,139.4752
35.67325,139.4752
35.67325,139.4752
35.67325,139.4752
35.67325,139.4752
35.67325,139.4752
35.67325,139.4752
35.67325,139.4752
35.67325,139.4752
35.67325,139.4752
35.67325,139.4752
35.67325,139.4752
35.67325,139.4752
35.67325,139.4752
35.67325,139.4752
35.67325,139.4752
35.67325,139.4752
35.67325,139.4752
35.67325,139.4752
35.67325,139.4752
35.67325,139.4752
35.67325,139.4752
35.67325,139.4752
35.67325,139.4752
35.67325,139.4752
35.67325,139.4752
35.67325,139.4752
35.67325,139.4752
35.67325,139.4752
35.67325,139.4752
35.67325,139.4752
35.67325,139.4752
35.67325,139.4752
35.67325,139.4752
35.67325,139.4752
35.67325,139.4752
35.67325,139.4752
35.67325,139.4752
35.67325,139.4752
35.67325,139.4752
35.67325,139.4752
35.67325,139.4752
35.67325,139.47518
35.67325,139.47518
35.67325,139.47518
35.67325,139.47518
35.67325,139.47518
35.67325,139.47518
35.67325,139.47518
35.67325,139.47518
35.67325,139.47519
35.67325,139.47519
35.67325,139.47519
35.67325,139.47519
35.67325,139.47519
35.67325,139.4752
35.67325,139.4752
35.67325,139.4752
35.67325,139.4752
35.67325,139.47521
35.67325,139.47521
35.67325,139.47522
35.67325,139.47522
35.67325,139.47522
35.67325,139.47522
35.67325,139.47522
35.67325,139.47523
35.67325,139.47523
35.67325,139.47523
35.67325,139.47523
35.67325,139.47523
35.67325,139.47523
35.67325,139.47523
35.67325,139.47523
35.67325,139.47523
35.67325,139.47523
35.67325,139.47523
35.67325,139.47523
35.67325,139.47524
35.67325,139.47524
35.67325,139.47524
35.67325,139.47524
35.67325,139.47524
35.67325,139.47524
35.67325,139.47524
35.67325,139.47524
35.67325,139.47523
35.67325,139.47523
35.67325,139.47523
35.67325,139.47523
35.67325,139.47523
35.67325,139.47524
35.67325,139.47523
35.67325,139.47523
35.67325,139.47523
35.67325,139.47523
35.67325,139.47523
35.67325,139.47524
35.67325,139.47524
35.67325,139.47524
35.67325,139.47523
35.67325,139.47523
35.67325,139.47523
35.67325,139.47522
35.67325,139.47522
35.67325,139.47523
35.67325,139.47523
35.67325,139.47523
35.67325,139.47522
35.67325,139.47522
35.67325,139.47521
35.67325,139.47521
35.67325,139.47521
35.67325,139.4752
35.67325,139.4752
35.67325,139.4752
35.67325,139.4752
35.67325,139.4752
35.67325,139.4752
35.67325,139.4752
35.67325,139.4752
35.67325,139.4752
35.67325,139.4752
35.67325,139.4752
35.67325,139.4752
35.67325,139.4752
35.67325,139.4752
35.67325,139.4752
35.67325,139.4752
35.67325,139.4752
35.67325,139.4752
35.67325,139.4752
35.67325,139.4752
35.67325,139.4752
35.67325,139.4752
35.67325,139.4752
35.67325,139.4752
35.67325,139.4752
35.67325,139.4752
35.67325,139.4752
35.67325,139.4752
35.67325,139.4752
35.67326,139.47518
35.67326,139.47518
35.67326,139.47518
35.67326,139.47518
35.67326,139.47518
